CRN,Subject,Number,Section,Quad,Title / Comment,Credits,Meeting Time,Days,Instructor(s),Room,Fees,Attributes
80002,BIOL,201,0,,Principles of Biology,4,12:55 PM - 2:05 PM,M W F,"Burden, Lisa M.",MEY 265,,SP
80003,BIOL,241,1,,Organization of Life,4,9:20 AM - 10:30 AM,M W F,"Thom, Nathaniel J.",MEY 145,,SP
80004,BIOL,201L,0,,Princ Biology Lab,0,1:15 PM - 4:05 PM,R,"Burden, Lisa M.",MEY 205,,
80005,BIOL,241,2,,Organization of Life,4,11:35 AM - 12:45 PM,M W F,"Thom, Nathaniel J.",MEY 145,,SP
80006,BIOL,241L,1,,College Biology I Lab,0,7:30 AM - 10:20 AM,T,"Ogilvie, Coreen B.",MEY 203,,
80007,BIOL,241L,2,,College Biology I Lab,0,1:15 PM - 4:05 PM,T,"Burden, Lisa M.",MEY 203,,
80008,BIOL,241L,3,,College Biology I Lab,0,6:30 PM - 9:20 PM,T,"Secker, Heather L.",MEY 203,,
80009,BIOL,241L,4,,College Biology I Lab,0,7:30 AM - 10:20 AM,R,"Befus, Matthew A.",MEY 203,,
80010,BIOL,241L,5,,College Biology I Lab,0,12:15 PM - 3:05 PM,R,"Befus, Matthew A.",MEY 203,,
80011,BIOL,241L,6,,College Biology I Lab,0,6:30 PM - 9:20 PM,R,"Secker, Heather L.",MEY 203,,
80012,BIOL,241L,7,,College Biology I Lab,0,2:15 PM - 5:05 PM,W,"Secker, Heather L.",MEY 203,,
80013,BIOL,243,0,,Processes of Life,4,11:35 AM - 12:45 PM,M W F,"Page, L. Kristen",MEY 217,,
80014,BIOL,243L,1,,Ecology & Evolution Lab,0,7:30 AM - 10:20 AM,R,"Page, L. Kristen",MEY 247,85,
80016,BIOL,252,1,,Modeling Systems of Life,4,9:20 AM - 10:30 AM,M W,"Rorem, Nadine C.",MEY 255,,
80017,BIOL,252L,1,,Biol Systems Lab,0,7:30 AM - 10:20 AM,T R,"Rorem, Nadine C.",MEY 245,85,
80019,BIOL,331,0,,Anatomy & Physiology I,4,8:00 AM - 9:10 AM,M W F,"Busch, Jennifer L.",MEY 217,,
80020,BIOL,331L,1,,Anatomy & Physiology I Lab,0,7:30 AM - 10:20 AM,R,"Busch, Jennifer L.",MEY 225,85,
80021,BIOL,331L,2,,Anatomy & Physiology I Lab,0,1:15 PM - 4:05 PM,R,"Busch, Jennifer L.",MEY 225,85,
80022,BIOL,364,0,,Microbiology & Immunology,4,9:20 AM - 10:30 AM,M W F,"Koo, Jovanka T.",MEY 217,,
80023,BIOL,364L,1,,Micro/Immunology Lab,0,7:30 AM - 10:20 AM,T,"Koo, Jovanka T.",MEY 227,85,
80025,BIOL,364L,3,,Micro/Immunology Lab,0,6:30 PM - 9:20 PM,T,"Koo, Jovanka T.",MEY 227,85,
80026,BIOL,494,0,,The Integrated Biologist,2,1:15 PM - 3:05 PM,R,"Page, L. Kristen",MEY 255,,
80027,BIOL,495,0,,Biological Research,2 OR 4,TBA,,STAFF,,100,
80028,BIOL,496,0,,Biology Internship,2 OR 4,TBA,,STAFF,,,
80034,CORE,101,1,,FYS-Biology & Glory of God,4,11:15 AM - 1:05 PM,T R,"Rorem, Nadine C.",MEY 255,,
80035,ENVR,221,0,,"Intro to Environmental ScienceFreshmen & Sophomores only",4,2:15 PM - 3:25 PM,M W F,"Tagne, Gilles V.",MEY 043,40,SP
80036,ENVR,221L,1,,Intro to Envir Science Lab,0,7:30 AM - 10:20 AM,R,"Tagne, Gilles V.",MEY 063,,
80037,ENVR,221L,2,,Intro to Envir Science Lab,0,1:15 PM - 4:05 PM,R,"Tagne, Gilles V.",MEY 063,,
80038,ENVR,495,0,,Environmental Sci Research,2 TO 4,TBA,,STAFF,,,
80039,ENVR,496,0,,Internship,2 TO 4,TBA,,"Keil, Charles B.",,,
80040,CORE,101,2,,FYS-Living in God's Creation,4,9:20 AM - 10:30 AM,M W F,"Keil, Charles B.",MEY 045,,
80042,GEOL,211,1,,Exploring the Dynamic Earth,4,9:20 AM - 10:30 AM,M W F,"Maneiro, Kathryn A.",MEY 021,35,SP
80043,GEOL,211,2,,Exploring the Dynamic Earth,4,2:15 PM - 3:25 PM,M W F,"Heidlauf, Lisa E.",MEY 145,35,SP
80044,GEOL,211L,1,,Dynamic Earth Lab,0,8:30 AM - 10:20 AM,T,"Luhmann, Andrew J.",MEY 043,,
80045,GEOL,211L,2,,Dynamic Earth Lab,0,11:15 AM - 1:05 PM,T,"Heidlauf, Lisa E.",MEY 043,,
80046,GEOL,211L,3,,Dynamic Earth Lab,0,1:15 PM - 3:05 PM,T,"Heidlauf, Lisa E.",MEY 043,,
80048,GEOL,211L,5,,Dynamic Earth Lab,0,11:15 AM - 1:05 PM,R,"Luhmann, Andrew J.",MEY 043,,
80049,GEOL,211L,6,,Dynamic Earth Lab,0,1:15 PM - 3:05 PM,R,"Heidlauf, Lisa E.",MEY 043,,
80050,GEOL,371,0,B,GIS,2,11:35 AM - 12:45 PM,M W F,"Tagne, Gilles V.",MEY 061,,
80051,GEOL,371L,1,B,GIS Lab,0,11:15 AM - 1:05 PM,T,"Tagne, Gilles V.",MEY 061,25,
80053,GEOL,494,0,,Seminar Seminar Geology,2,1:15 PM - 3:05 PM,R,"Moshier, Stephen O.",MEY 042,,
80054,GEOL,495,0,,Problems In Geology,1 TO 4,TBA,,STAFF,,,
80055,GEOL,496,0,,Internship,1 TO 4,TBA,,STAFF,,,
80061,GEOL,307,0,,"Water, The Essential Resource",4,1:15 PM - 3:05 PM,T R,"Luhmann, Andrew J.",MEY 049,25,SIP
80062,CORE,101,3,,FYS-Living in God's Creation,4,11:35 AM - 12:45 PM,M W F,"Keil, Charles B.",MEY 045,,
80063,CORE,101,4,,FYS-Where Do We Come From?,4,2:15 PM - 3:25 PM,M W F,"Moshier, Stephen O.",MEY 045,,
80064,AHS,101,1,A,Wellness,2,8:00 AM - 9:10 AM,M W F,"Daly, Dana N.",CHR 223,,
80065,AHS,101,2,B,Wellness,2,8:30 AM - 10:20 AM,T R,"Penfound, Jean E.",CHR 223,,
80066,AHS,101,3,B,Wellness,2,11:35 AM - 12:45 PM,M W F,"Daly, Dana N.",CHR 223,,
80067,AHS,101,4,B,Wellness,2,11:15 AM - 1:05 PM,T R,"Penfound, Jean E.",CHR 223,,
80068,AHS,101,5,B,Wellness,2,12:55 PM - 2:05 PM,M W F,"Daly, Dana N.",CHR 223,,
80069,AHS,101,6,A,Wellness,2,9:20 AM - 10:30 AM,M W F,"Daly, Dana N.",CHR 223,,
80070,AHS,101,7,A,Wellness,2,8:30 AM - 10:20 AM,T R,"Daly, Dana N.",CHR 223,,
80071,AHS,101,8,B,Wellness,2,9:20 AM - 10:30 AM,M W F,"Penfound, Jean E.",CHR 223,,
80072,AHS,101,9,A,Wellness,2,1:15 PM - 3:05 PM,T R,"Daly, Dana N.",CHR 223,,
80073,AHS,101,10,B,Wellness,2,2:15 PM - 3:25 PM,M W F,"Daly, Dana N.",CHR 223,,
80076,AHS,273,0,A,Behavioral Medicine,2,11:15 AM - 1:05 PM,T R,"Penfound, Jean E.",CHR 223,,
80077,AHS,351,0,,Human Anatomy,4,12:55 PM - 2:05 PM,M W F,"Townsend, Dana K.",MEY 021,,
80078,AHS,351L,1,,Functional Human Anat Lab,0,7:30 AM - 10:20 AM,T,"Townsend, Dana K.",MEY 011,150,
80079,AHS,351L,2,,Functional Human Anat Lab,0,7:30 AM - 10:20 AM,R,"Townsend, Dana K.",MEY 011,150,
80081,AHS,351L,4,,Functional Human Anat Lab,0,1:15 PM - 4:05 PM,R,"Townsend, Dana K.",MEY 011,150,
80082,AHS,351L,5,,Functional Human Anat Lab,0,6:30 PM - 9:20 PM,M,"Townsend, Dana K.",MEY 011,150,
80083,AHS,381,0,,Concepts in Epidemiology,4,2:15 PM - 3:25 PM,M W F,"Bubu, O. Michael",BGC 140,,
80084,AHS,452L,1,,Applied Physiology Lab,0,8:30 AM - 10:20 AM,T,"Hunt, Brian E.",MEY 111,75,
80085,AHS,452L,2,,Applied Physiology Lab,0,8:30 AM - 10:20 AM,R,"Hunt, Brian E.",MEY 111,75,
80086,AHS,452L,3,,Applied Physiology Lab,0,6:45 PM - 8:35 PM,R,"Hunt, Brian E.",MEY 111,75,
80087,AHS,495,0,,Independent Study,1 TO 4,TBA,,STAFF,,,
80088,AHS,496,0,,Internship,4 TO 8,TBA,,"Hunt, Brian E.",,,
80090,AHS,452,0,,Applied Physiology,4,8:00 AM - 9:10 AM,M W F,"Hunt, Brian E.",BLANCH 339,,
80091,COMM,101,1,A,Public Speaking,2,9:20 AM - 10:30 AM,M W F,"Schuchardt, Read M.",BGC 011,,COMP
80092,COMM,101,2,B,Public Speaking,2,9:20 AM - 10:30 AM,M W F,"Schuchardt, Read M.",BGC 011,,COMP
80093,COMM,101,3,A,Public Speaking,2,11:35 AM - 12:45 PM,M W F,"Mangin, Katy A.",BGC 011,,COMP
80094,COMM,101,4,B,Public Speaking,2,11:35 AM - 12:45 PM,M W F,"Mangin, Katy A.",BGC 011,,COMP
80097,COMM,101,7,A,Public Speaking,2,8:30 AM - 10:20 AM,T R,"Liu, Esther H.",BGC 011,,COMP
80098,COMM,201,1,,Fundmntls Oral Communication,4,11:15 AM - 1:05 PM,T R,"Sietman, Rebecca B.",BGC 012,,COMP
80100,COMM,215,0,,Journalism,4,8:00 AM - 9:10 AM,M W F,"Morgan, Timothy C.",BGC 011,,
80101,COMM,219,0,,Journalism Co-Curricular,0,TBA,,"Morgan, Timothy C.",,,
80102,COMM,221,1,,Interpersonal Comm,4,1:15 PM - 3:05 PM,T R,"Liu, Esther H.",BGC 012,,
80105,COMM,241,0,,Media Studies,4,11:35 AM - 12:45 PM,M W F,"Schuchardt, Read M.",BGC 010,,
80106,COMM,246,0,,Media Production,4,8:30 AM - 10:20 AM,T R,"Park, Joonhee",ADAMS 311,,
80107,COMM,252,0,,Argument & Debate,4,1:15 PM - 3:05 PM,T R,"Sietman, Rebecca B.",BGC 010,,COMP
80108,COMM,253,0,,"Messages, Influence & Culture",4,9:20 AM - 10:30 AM,M W F,"Hill, Theon E.",BGC 263,,DUS
80109,COMM,271,0,,Theater Survey,4,11:15 AM - 1:05 PM,T R,"Stauffer, Michael E.",JENKS 103,100,VPAT
80110,COMM,296,0,,Journalism Practicum,2 TO 4,TBA,,"Morgan, Timothy C.",,,
80111,COMM,301,0,,Communication Theory,4,11:35 AM - 12:45 PM,M W F,"Langan, Emily J.",BGC 130,,
80112,COMM,312,0,,Communication Criticism,4,6:30 PM - 10:00 PM,W,"Hill, Theon E.",BGC 263,,
80113,COMM,345,0,,Narrative Media,4,2:15 PM - 4:05 PM,M W,"Park, Joonhee",ADAMS 312,,
80114,COMM,373,0,,Theater Workout,0,4:15 PM - 5:30 PM,T R,"Lewis, Mark N.",JENKS STZN,,
80115,COMM,374,0,,Directing,4,1:15 PM - 3:05 PM,T R,"Stauffer, Michael E.",JENKS STZN,100,
80116,COMM,393,0,,Intercollegiate Debate,0,TBA,,"Sietman, Rebecca B.",,,
80117,COMM,424,0,B,Bargaining & Negotiation,2,11:15 AM - 1:05 PM,T R,"Liu, Esther H.",BGC 263,,
80120,COMM,473,0,,Acting Shakespeare,4,11:15 AM - 1:05 PM,T R,"Bell, Kailey B.",JENKS STZN,,
80122,COMM,494,0,B,Senior Seminar,2,2:15 PM - 3:25 PM,M W F,"Chase, Kenneth R.",BGC 263,,
80123,COMM,495,0,,Independent Study,1 TO 4,TBA,,STAFF,,,
80124,COMM,496,0,,Internship,2 TO 4,TBA,,STAFF,,,
80125,COMM,498,0,,Journalism internship,2 OR 4,TBA,,"Morgan, Timothy C.",,,
80126,CORE,101,5,,FYS-Happily Ever After?,4,8:30 AM - 10:20 AM,T R,"Shaffer, Clinton S.",MSC 120,,
80127,CORE,101,6,,FYS-Spiritual Practices,4,1:15 PM - 3:05 PM,T R,Wilhoit & Eggimann,BGC 134,,
80128,CORE,101,7,,FYS-Chivalry & Good Life,4,11:15 AM - 1:05 PM,T R,"Henley, Grant H.",MSC 120,,
80129,CORE,101,8,,FYS-Place Matters,4,11:15 AM - 1:05 PM,T R,"Johnson, Karen J.",ARM 252,,
80130,CSCI,235,0,,Programming I: Problem Solving,4,11:35 AM - 12:45 PM,M W F,"Kim, Hyunju",MEY 184,,AAQR
80131,CSCI,235L,1,,Programming I Lab,0,8:30 AM - 10:20 AM,R,"Kim, Hyunju",MEY 154,,
80132,CSCI,235L,2,,Programming I Lab,0,1:15 PM - 3:05 PM,R,"Kim, Hyunju",MEY 154,,
80133,CSCI,243,0,,Discrete Math/Functional Prog,4,2:15 PM - 3:25 PM,M W F,"VanDrunen, Thomas J.",MEY 131,,AAQR
80134,CSCI,245,0,,Programming II: OO Design,4,11:35 AM - 12:45 PM,M W F,"Pohly, Devin J.",MEY 129,,
80135,CSCI,245L,0,,Programming II Lab,0,1:15 PM - 3:05 PM,T,"Pohly, Devin J.",MEY 154,,
80136,CSCI,351,0,,Intro to Computer Systems,4,9:20 AM - 10:30 AM,M W F,"Pohly, Devin J.",MEY 131,,
80144,MATH,131,0,,Precalculus,4,12:55 PM - 2:05 PM,M W F,STAFF,MEY 143,,AAQR
80145,MATH,125,0,,Elm and Middle Gr Educ Math,4,11:35 AM - 12:45 PM,M W F,"Vanderschoot, Mary H.",MEY 143,,
80146,MATH,231,1,,Calculus I,4,11:35 AM - 12:45 PM,M W F,"Perciante, Terence H.",MEY 133,,AAQR
80147,MATH,231,2,,Calculus I,4,12:55 PM - 2:05 PM,M W F,"Lovett, Stephen T.",MEY 133,,AAQR
80148,MATH,231L,1,,Drill,0,8:30 AM - 10:20 AM,R,"Isihara, Paul",MEY 131,,
80149,MATH,231L,2,,Drill,0,11:15 AM - 1:05 PM,R,"Vanderschoot, Mary H.",MEY 131,,
80150,MATH,231L,3,,Drill,0,1:15 PM - 3:05 PM,R,"Diedrichs, Danilo R.",MEY 131,,
80151,MATH,232,1,,Calculus II,4,12:55 PM - 2:05 PM,M W F,"Brabenec, Robert L.",MEY 129,,
80153,MATH,232L,1,,Drill,0,8:30 AM - 10:20 AM,R,"Isihara, Paul",MEY 129,,
80154,MATH,232L,2,,Drill,0,11:15 AM - 1:05 PM,R,"Vanderschoot, Mary H.",MEY 129,,
80155,MATH,232L,3,,Drill,0,1:15 PM - 3:05 PM,R,"Diedrichs, Danilo R.",MEY 129,,
80156,MATH,233,1,B,Calculus I B,2,11:35 AM - 12:45 PM,M W F,"Perciante, Terence H.",MEY 133,,AAQR
80157,MATH,233,2,B,Calculus I B,2,12:55 PM - 2:05 PM,M W F,"Lovett, Stephen T.",MEY 133,,AAQR
80158,MATH,233L,1,B,Drill,0,8:30 AM - 10:20 AM,R,"Isihara, Paul",MEY 131,,
80159,MATH,233L,2,B,Drill,0,11:15 AM - 1:05 PM,R,"Vanderschoot, Mary H.",MEY 131,,
80160,MATH,233L,3,B,Drill,0,1:15 PM - 3:05 PM,R,"Diedrichs, Danilo R.",MEY 131,,
80161,MATH,234,0,A,Calculus II B,2,2:15 PM - 3:25 PM,M W F,"Diedrichs, Danilo R.",MEY 184,,
80162,MATH,243,0,,Discrete Math & Funct Program,4,2:15 PM - 3:25 PM,M W F,"VanDrunen, Thomas J.",MEY 131,,AAQR
80163,MATH,245,0,,Linear Algebra,4,11:35 AM - 12:45 PM,M W F,"Diedrichs, Danilo R.",MEY 131,,
80164,MATH,301,0,,Intro to Upper-Level Math,2,8:30 AM - 10:20 AM,R,"Diedrichs, Danilo R.",MEY 184,,
80166,MATH,331,0,B,Vector Calculus,2,2:15 PM - 3:25 PM,M W F,"Diedrichs, Danilo R.",MEY 133,,
80167,MATH,333,0,,Differential Equations,4,9:20 AM - 10:30 AM,M W F,"Vanderschoot, Mary H.",MEY 133,,
80168,MATH,351,0,,Analysis I,4,9:20 AM - 10:30 AM,M W F,"Brabenec, Robert L.",MEY 129,,
80169,MATH,385,0,,MATLAB Modeling,4,12:55 PM - 2:05 PM,M W F,"Isihara, Paul",MEY 184,,
80171,MATH,494,2,,Senior Seminar-Applied Math,2,8:30 AM - 10:20 AM,T,"Isihara, Paul",MEY 143,,
80175,IR,155,1,,Comparative Politics,4,8:00 AM - 9:10 AM,M W F,"Alexander, Kathryn J.",MSC 202,,"GP, SI"
80178,IR,379,0,,Int'l Political Economy,4,9:20 AM - 10:30 AM,M W F,"Taylor, Timothy W.",MSC 204,,
80179,IR,495,0,,Independent Study,2 TO 4,TBA,,STAFF,,,
80180,IR,496,0,,Internship,4,TBA,,"McGraw, Bryan T.",,,
80181,PSCI,135,0,,American Politics and Gov't,4,11:35 AM - 12:45 PM,M W F,"Black, Amy E.",MSC 103,,SI
80184,PSCI,236,0,,Intercollegiate Trial Advocacy,0,6:30 PM - 10:00 PM,T,"Locke, Brooks D.",MSC 103,,
80185,PSCI,271,0,A,Introduction to Law,2,12:55 PM - 2:05 PM,M W F,"Bretsen, Stephen N.",MSC 302,,
80187,PSCI,494,0,A,Senior Seminar,2,1:15 PM - 3:05 PM,T R,"McGraw, Bryan T.",MSC 204,,
80188,PSCI,495,0,,Independent Study,2 TO 4,TBA,,STAFF,,,
80189,PSCI,496,0,,Internship,4,TBA,,"McGraw, Bryan T.",,,
80193,IR,175,2,,International Politics,4,9:20 AM - 10:30 AM,M W F,"McKoy, Michael K.",MSC 202,,SI
80196,IR,494,0,A,Senior Seminar,2,2:15 PM - 3:25 PM,M W F,"McKoy, Michael K.",MSC 204,,
80197,CORE,101,9,,FYS-Freedom,4,12:55 PM - 2:05 PM,M W F,"McGraw, Bryan T.",MSC 204,,
80198,CORE,101,10,,FYS-Accounting for Beauty,4,11:15 AM - 1:05 PM,T R,"O'Connor, Robert C.",ARM 145,,
80199,ART,101,1,B,Art Survey,2,12:55 PM - 2:45 PM,M W,STAFF,ADAMS 301,,VPAV
80200,ART,101,2,A,Art Survey,2,1:15 PM - 3:05 PM,T R,STAFF,ADAMS 301,,VPAV
80201,ART,101,3,B,Art Survey,2,1:15 PM - 3:05 PM,T R,STAFF,ADAMS 301,,VPAV
80202,ART,101,4,A,Art Survey,2,12:55 PM - 2:45 PM,M W,STAFF,ADAMS 301,,VPAV
80204,ART,211,0,,"Painting IFreshmen & Sophomores only.",3,12:55 PM - 3:55 PM,M W,"Lundin, Cherith",ADAMS 111,,VPAV
80206,ART,232,1,,Drawing I,3,9:00 AM - 12:00 PM,T R,STAFF,ADAMS 309,,VPAV
80208,ART,233,0,,Creativity & Design,3,9:00 AM - 12:00 PM,T R,"Hooker, David J.",ADAMS 101,,
80211,ART,251,0,,"History-Art & Architecture IArt majors & minors only",4,11:15 AM - 1:05 PM,T R,STAFF,ADAMS 301,,"GP, HP"
80213,ART,318,0,,Graphic Design I,3,1:15 PM - 4:15 PM,T R,"Botts, Jeremy G.",ADAMS 106,,
80214,ART,329,0,,Community Art I,3,1:15 PM - 4:15 PM,T R,"Zakrajsek, Molly Z.",ADAMS 101,,
80215,ART,383,0,,Digital Photography I,3,12:55 PM - 3:55 PM,M W,"Schreck, Gregory H.",ADAMS 213,,
80217,ART,495,0,,Independent Projects,1 TO 4,TBA,,STAFF,,,
80218,ART,496,0,,Internship,2 TO 8,TBA,,"Botts, Jeremy G.",,,
80226,ANTH,116,1,,"Introduction to AnthropologyFreshmen or sophomores only",4,11:35 AM - 12:45 PM,M W F,"Tooley, Christa B.",BLANCH 222,,"GP, SI"
80227,ANTH,116,2,,"Introduction to AnthropologyFreshmen or sophomores only",4,1:15 PM - 3:05 PM,T R,"Howell, Brian M.",BLANCH 222,,"GP, SI"
80228,ANTH,353,0,,Biculturalism,4,11:15 AM - 1:05 PM,T R,"Sadiq, Yousaf",BLANCH 272,,"DUS, GP"
80229,ANTH,376,0,,Culture Theory,4,8:30 AM - 10:20 AM,T R,"Jeske, Christine R.",BLANCH 273,,
80231,ANTH,496,0,,Internship,4 OR 8,TBA,,STAFF,,,
80232,SOC,115,1,,Intro to Sociology,4,8:00 AM - 9:10 AM,M W F,"Kim, Henry H.",BLANCH 222,,"DUS, SI"
80234,SOC,115,2,,Intro to Sociology,4,11:35 AM - 12:45 PM,M W F,"Allen, Henry L.",BLANCH 272,,"DUS, SI"
80235,SOC,241,0,,Social Psychology,4,1:15 PM - 3:05 PM,T R,"Hannah, Darlene B.",BGC 250,,SI
80236,SOC,337,0,,Racial and Ethnic Relations,4,12:55 PM - 2:05 PM,M W F,"Kim, Henry H.",BLANCH 272,,DUS
80237,SOC,347,0,,Gender & Society,4,9:20 AM - 10:30 AM,M W F,"Reynolds, Amy M.",BLANCH 273,,
80241,SOC,383,0,,Statistics,4,11:15 AM - 1:05 PM,T R,"Miller, Brian J.",BLANCH 139,,AAQR
80242,ANTH,495,0,,Independent Study,1 TO 4,TBA,,STAFF,,,
80243,SOC,496,0,,Internship in Sociology,4 OR 8,TBA,,STAFF,,,
80244,SWEL,331,0,A,Intro Social Welfare,2,6:30 PM - 10:00 PM,T,"Dreisbach, Joyanna",BLANCH 272,,
80245,SWEL,332,0,B,Human Services Practice,2,6:30 PM - 10:00 PM,T,"Dreisbach, Joyanna",BLANCH 272,,
80246,SWEL,496,0,,Social Work Internship,4 OR 8,TBA,,STAFF,,,
80249,CORE,101,12,,FYS-Culture & the Good Life,4,8:30 AM - 10:20 AM,T R,"Howell, Brian M.",BLANCH 272,,
80250,CORE,101,13,,FYS-The Suburban Good Life,4,8:30 AM - 10:20 AM,T R,"Miller, Brian J.",BLANCH 440,,
80253,PHIL,101,1,,Introduction to Philosophy,4,3:15 PM - 5:05 PM,T R,"Wood, W. Jay",BLANCH 125,,PI
80254,PHIL,101,2,,Introduction to Philosophy,4,9:20 AM - 10:30 AM,M W F,"Gordon, James R.",BLANCH 125,,PI
80255,PHIL,101,3,,Introduction to Philosophy,4,12:55 PM - 2:05 PM,M W F,"Fletcher, David B.",BLANCH 125,,PI
80257,PHIL,101,5,,Introduction to Philosophy,4,8:00 AM - 9:10 AM,M W F,"Gordon, James R.",BLANCH 125,,PI
80258,PHIL,216,0,A,Philosophy of The Arts,2,6:30 PM - 10:00 PM,T,"McNutt, David W.",BLANCH 125,,
80259,PHIL,241,0,,Suffering,4,11:15 AM - 1:05 PM,T R,"Talbot, Mark R.",BLANCH 125,,PI
80260,PHIL,243,0,A,Intro To Logic,2,9:20 AM - 10:30 AM,M W F,"O'Connor, Robert C.",BLANCH 139,,
80261,PHIL,245,0,,Logic,4,9:20 AM - 10:30 AM,M W F,"O'Connor, Robert C.",BLANCH 139,,AAQR
80263,PHIL,311,0,,Hist Of Philosophy,4,11:35 AM - 12:45 PM,M W F,"Wood, Adam N.",BLANCH 339,,
80264,PHIL,495,0,,Independent Study,1 TO 4,TBA,,STAFF,,,
80265,PHIL,496,0,,Internship,2 OR 4,TBA,,STAFF,,,
80266,CORE,101,14,,FYS-Why Do We Suffer?,4,11:35 AM - 12:45 PM,M W F,"Borden, Sarah R.",BLANCH 323,,
80267,CORE,101,15,,FYS-Why Do We Suffer?,4,12:55 PM - 2:05 PM,M W F,"Borden, Sarah R.",BLANCH 472,,
80268,PHIL,105,1,,Race & Justice,4,11:15 AM - 1:05 PM,T R,"Cartagena, Nathan L.",JENKS 205,,"DUS, PI"
80269,PHIL,105,2,,Race & Justice,4,8:30 AM - 10:20 AM,T R,"Cartagena, Nathan L.",MSC 103,,"DUS, PI"
80272,PHIL,255,1,,Existentialism,4,8:30 AM - 10:20 AM,T R,"Kemp, Ryan S.",BLANCH 124,,"LE, PI"
80282,B EC,226,1,,Prin Of Accountng I,4,11:15 AM - 1:05 PM,T R,"Tomal, Annette H.",MSC 124,,
80283,B EC,226,2,,Prin Of Accountng I,4,1:15 PM - 3:05 PM,T R,"Tomal, Annette H.",MSC 124,,
80284,B EC,229,0,B,Mgmt Info Systems,2,11:15 AM - 1:05 PM,T R,"Johnson, Stephen D.",MEY 133,,
80285,B EC,341,1,,Principles of Marketing,4,9:20 AM - 10:30 AM,M W F,"Stolze, Hannah J.",BGC 134,,
80286,B EC,341,2,,Principles of Marketing,4,12:55 PM - 2:05 PM,M W F,"Stolze, Hannah J.",BGC 134,,
80287,B EC,342,0,,Principles of Management,4,11:35 AM - 12:45 PM,M W F,"Lee, Min-Dong Paul",MSC 302,,
80289,B EC,367,1,,Principles of Finance,4,8:00 AM - 9:10 AM,M W F,"Norton, Seth W.",MSC 302,,
80290,B EC,367,2,,Principles of Finance,4,9:20 AM - 10:30 AM,M W F,"Norton, Seth W.",MSC 302,,
80293,B EC,493,1,,Business Strategy,2,8:30 AM - 10:20 AM,R,"Norton, Seth W.",MSC 304,,
80294,B EC,493,2,,Business Strategy,2,11:15 AM - 1:05 PM,R,"Norton, Seth W.",MSC 304,,
80295,B EC,494,1,,Business Seminar,2,8:30 AM - 10:20 AM,T,"Bretsen, Stephen N.",MSC 304,,
80296,B EC,494,2,,Business Seminar,2,11:15 AM - 1:05 PM,T,"Bretsen, Stephen N.",MSC 304,,
80298,B EC,495,0,,Independent Study,1 TO 4,TBA,,STAFF,,,
80299,B EC,496,0,,Internship,1 TO 4,TBA,,"Bretsen, Stephen N.",,,
80300,B EC,321,1,,Statistics,4,11:15 AM - 1:05 PM,T R,"Makaudze, Ephias M.",MSC 302,,
80302,B EC,382,1,A,"Digital MarketingPre-req:  B EC 341",2,6:30 PM - 10:00 PM,M,"Grant, Christopher J.",MSC 124,75,
80304,ECON,211,4,,Principles of Microeconomics,4,2:15 PM - 3:25 PM,M W F,"Forsstrom, Matthew P.",MSC 103,,SI
80305,ECON,211,3,,Principles of Microeconomics,4,12:55 PM - 2:05 PM,M W F,"Forsstrom, Matthew P.",MSC 103,,SI
80307,ECON,211,1,,Principles of Microeconomics,4,12:55 PM - 2:05 PM,M W F,"Cook, Jeremy A.",MSC 124,,SI
80308,ECON,211,2,,Principles of Microeconomics,4,2:15 PM - 3:25 PM,M W F,"Cook, Jeremy A.",MSC 124,,SI
80309,ECON,212,1,B,Principles of Macroeconomics,2,8:00 AM - 9:10 AM,M W F,STAFF,MSC 124,,
80310,ECON,212,2,B,Principles of Macroeconomics,2,2:15 PM - 3:25 PM,M W F,"Guo, Nick L.",MSC 105,,
80314,ECON,366,0,,International Economics,4,2:15 PM - 3:25 PM,M W F,"Hill, Enoch S.",MSC 122,,
80315,ECON,495,0,,Independent Study,1 TO 4,TBA,,STAFF,,,
80319,ENGR,101,0,,Intro to Engineering,1,1:15 PM - 2:20 PM,T,"Hsu, David D.",MEY 355,,
80321,ENGR,201,0,,ENGR Mechanics 1 - Statics,4,9:20 AM - 10:30 AM,M W F,"Hsu, David D.",MEY 014B,,
80322,PHYS,221,0,,General Physics I,4,11:35 AM - 12:45 PM,M W F,"Whitney, Heather M.",MEY 335,,SP
80323,PHYS,221L,1,,General Physics Lab I,0,7:30 AM - 10:20 AM,T,"Whitney, Joshua F.",MEY 335,,
80324,PHYS,221L,2,,General Physics Lab I,0,1:15 PM - 4:05 PM,T,"Whitney, Joshua F.",MEY 335,,
80325,PHYS,231,1,,Introductory Physics I,4,8:00 AM - 9:10 AM,M W F,"Craig, Darren J.",MEY 335,,SP
80326,PHYS,231,2,,Introductory Physics I,4,9:20 AM - 10:30 AM,M W F,"Schroeder, James W.",MEY 371,,SP
80327,PHYS,231L,1,,Introductory Physics Lab I,0,6:45 PM - 9:35 PM,W,Blaauw & Craig,MEY 335,,
80328,PHYS,231L,2,,Introductory Physics Lab I,0,7:30 AM - 10:20 AM,R,"Schroeder, James W.",MEY 335,,
80329,PHYS,231L,3,,Introductory Physics Lab I,0,1:15 PM - 4:05 PM,R,"Pierson, Benjamin M.",MEY 335,,
80337,PHYS,334,1,A,Computer Modeling,2,12:55 PM - 2:05 PM,M W F,"Blaauw, Rhiannon C.",MEY 371,,
80338,PHYS,334,2,A,Computer Modeling,2,2:15 PM - 3:25 PM,M W F,"Blaauw, Rhiannon C.",MEY 371,,
80339,ENGR,223,0,,Strength of Materials,4,12:55 PM - 2:05 PM,M W F,"Hsu, David D.",MEY 014B,,
80341,PHYS,351,0,B,Analog Electronics,2,2:15 PM - 3:25 PM,M W F,"Craig, Darren J.",MEY 357,,
80342,PHYS,351L,1,B,Electronics Lab,0,1:15 PM - 4:05 PM,R,"Craig, Darren J.",MEY 365,65,
80347,CORE,101,16,,FYS-Cosmology & the Good Life,4,2:15 PM - 3:25 PM,M W F,"Bishop, Robert C.",MEY 355,,
80349,C E,111,0,A,Foundations of Ministry,2,11:35 AM - 12:45 PM,M W F,"Root, Gerald R.",BGC 138,,
80353,C E,222,0,,Transformational Education,4,9:20 AM - 10:30 AM,M W F,"Larson, Mimi L.",BGC 140,,
80354,C E,259,1,,C.S. Lewis & Spiritual Form,2,6:30 PM - 8:20 PM,M,"Root, Gerald R.",BGC 132,,
80355,C E,223,0,,Human Development & Ministry,4,11:35 AM - 12:45 PM,M W F,"Larson, Mimi L.",BGC 140,,SI
80356,C E,333,0,,Student Care in College Min,2,3:15 PM - 5:05 PM,R,"McRay, Barrett W.",BGC 136,,
80358,C E,421,0,,Philosophy of Ministry,4,1:15 PM - 3:05 PM,T R,"Setran, David P.",BGC 140,,
80361,C E,495,0,,Independent Study,1 TO 4,TBA,,STAFF,,,
80362,C E,496,0,,Internship,0,TBA,,"Haase, Daniel T.",,,
80364,CFM,512,0,,Bible in Ministry,2,1:15 PM - 3:05 PM,R,"Schwanda, Tom",BGC 254,,
80367,CFM,514,0,,Ministry in Culture,2,8:30 AM - 10:20 AM,R,"Haase, Daniel T.",BGC 250,,
80368,CFM,514,2,A,Ministry in Culture,2,10:30 AM - 12:00 PM,F,"Karianjahi, Muhia M.",,,
80369,CFM,516,0,,Teaching for Transformation,4,6:30 PM - 10:00 PM,M,"Larson, Mimi L.",BGC 140,,
80370,CFM,521,1,,"Personal Spiritual FormationRequired retreat.",2,11:15 AM - 1:05 PM,R,"May, Scottie",BGC 254,30,
80371,CFM,521,2HY,,Personal Spiritual Formation,2,10:00 AM - 12:00 PM,F,"Karianjahi, Muhia M.",,30,
80375,CFM,691,0,,Concentration Mentoring Grp,0,TBA,,"Setran, David P.",,,
80376,CFM,692,0,,Creative Project,2,TBA,,STAFF,,,
80377,CFM,693,0,,Ministry Practicum,0,TBA,,"Haase, Daniel T.",,,
80378,CFM,695,0,,Independent Study,1 TO 4,TBA,,STAFF,,,
80379,CFM,698,0,,Applied Thesis/Thesis,2,TBA,,STAFF,,,
80380,CFM,699,0,,Final Project Continuation,0,TBA,,STAFF,,50,
80381,CORE,101,18,,"FYS: Soul, Mind or Brain?",4,8:30 AM - 10:20 AM,T R,"Struthers, William M.",BGC 263,,
80382,CORE,101,19,,FYS-Spiritual Practices,4,11:15 AM - 1:05 PM,T R,"Wilhoit, James C.",BGC 134,,
80384,C E,231,0,B,Evangelism,2,11:35 AM - 12:45 PM,M W F,"Root, Gerald R.",BGC 138,,
80387,CFM,663,0,B,Leadership Dev't Outdoor Minis,4,8:30 AM - 5:00 PM,MTWRF,"Ribbe, Robert E.",,,
80389,CMHC,611,0,,Foundations of Integration I,1,11:45 AM - 12:45 PM,W,"Butman, Richard E.",BGC 250,,
80390,CMHC,618,1,,Research Design,3,8:30 AM - 11:20 AM,M,"Huttenlock, Terry L.",BGC 250,,
80392,CMHC,621,0,,Counseling Skills & Techniques,2,8:30 AM - 10:20 AM,W,"Schultz, Tammy",BGC 250,,
80393,CMHC,621L,0,,Basic Counseling Skills Lab,1,TBA,,"Schultz, Tammy",,,
80394,CMHC,622,0,,Clin Counsel Theory Practice I,3,12:55 PM - 3:45 PM,W,"Kiteki, Bellah N.",BGC 250,,
80395,CMHC,624,0,,Issues/Ethics Prof Practice,3,12:30 PM - 3:20 PM,M,"Schultz, Tammy",BGC 250,480,
80397,CMHC,641,0,,Assessment in Counseling,3,12:30 PM - 3:20 PM,M,STAFF,BGC 252,,
80398,CMHC,649,0,,Multicultural & Soc Advocacy,3,8:30 AM - 11:20 AM,M,"Kiteki, Bellah N.",BGC 252,,
80399,CMHC,692,1,,Graduate Counseling Practicum,3,3:30 PM - 5:00 PM,M,"Butman, Richard E.",BGC M231,,
80400,CMHC,692,2,,Graduate Counseling Practicum,3,3:30 PM - 5:00 PM,M,"Kiteki, Bellah N.",BGC M229,,
80401,CMHC,692,3,,Graduate Counseling Practicum,3,3:30 PM - 5:00 PM,M,"Schultz, Tammy",BGC M228,,
80402,CMHC,692,4,,Graduate Counseling Practicum,3,3:30 PM - 5:00 PM,M,"Brown, Eric M.",BGC M209,,
80403,CMHC,696,1,,Graduate Internship,3 OR 6,3:30 PM - 5:00 PM,M,"Butman, Richard E.",BGC M231,,
80404,CMHC,696,2,,Graduate Internship,3 OR 6,3:30 PM - 5:00 PM,M,"Kiteki, Bellah N.",BGC M229,,
80405,CMHC,696,3,,Graduate Internship,3 OR 6,3:30 PM - 5:00 PM,M,"Schultz, Tammy",BGC M228,,
80406,MAFT,631,0,,Ind Family Life Cycle Dev,3,8:00 AM - 10:50 AM,R,"Hull, James W.",BGC 252,,
80407,MAFT,634,0,,MFTI: Theoretical Foundations,3,1:10 PM - 4:00 PM,W,"Yoo, Hana",BGC 254,,
80409,MAFT,642,0,,Psychopathology & the Family,3,2:00 PM - 4:50 PM,F,"Buhrt, Timothy R.",BGC 250,,
80410,MAFT,645,0,,Syst Int w/ Children & Adol,3,1:10 PM - 4:00 PM,W,"Johnson, Jacob A.",BGC 253,,
80411,MAFT,661,1,,Personal/Prof Dev't Group I,0,10:30 AM - 11:50 AM,F,"Johnson, Jacob A.",BGC 250,,
80412,MAFT,661,2,,Personal/Prof Dev't Group I,0,10:30 AM - 11:50 AM,F,"Yoo, Hana",BGC M209,,
80413,MAFT,661,3,,Personal/Prof Dev't Group I,0,11:40 AM - 1:00 PM,W,"Norton, David J.",BGC M259,,
80415,MAFT,663,1,,Personal/Prof Dev't Group III,0,9:50 AM - 11:10 AM,T,"Johnson, Jacob A.",BGC 252,,
80416,MAFT,663,2,,Personal/Prof Dev't Group III,0,9:00 AM - 10:20 AM,W,"Norton, David J.",BGC M209,,
80417,MAFT,663,3,,Personal/Prof Dev't Group III,0,8:20 AM - 9:40 AM,T,"Hanlon, Matthew J.",BGC 002,,
80418,MAFT,691,0,,Advanced Clinical Practicum,1,9:10 AM - 10:10 AM,W,"Johnson, Jacob A.",BGC 252,,
80419,MAFT,696,1,,Clinical Pre-Practicum I,1,11:00 AM - 12:00 PM,R,"Yoo, Hana",BGC M231,,
80420,MAFT,696,2,,Clinical Pre-Practicum I,1,12:00 PM - 1:00 PM,F,"Watson, Terri S.",BGC 254,,
80421,MAFT,696,3,,Clinical Pre-Practicum I,1,1:05 PM - 2:05 PM,F,"Watson, Terri S.",BGC 254,,
80422,MAFT,698,1,,Clinical Practicum I,2,1:00 PM - 2:00 PM,F,"Johnson, Jacob A.",BGC M209,,
80423,MAFT,698,2,,Clinical Practicum I,2,11:40 AM - 12:40 PM,W,"Yoo, Hana",BGC M231,,
80424,MAFT,698,3,,Clinical Practicum I,2,1:00 PM - 2:00 PM,F,"Yoo, Hana",BGC M229,,
80425,MAFT,698,4,,Clinical Practicum I,2,11:40 AM - 12:40 PM,W,"Watson, Terri S.",BGC M229,,
80427,HIST,102,1,,EGP: Rise/Fall Imperial Japan,4,9:20 AM - 10:30 AM,M W F,"Kim, Hanmee N.",BLANCH 324,,"GP, HP"
80428,GEOG,211,0,A,General Geography,2,11:15 AM - 1:05 PM,T R,"Lovett, Carla K.",BLANCH 223,,
80429,HIST,102,2,,EGP:Memoir/History Middle East,4,11:35 AM - 12:45 PM,M W F,"Stringham, Noel C.",BLANCH 324,,"GP, HP"
80430,HIST,102,3,,EGP: The Holocaust,4,11:15 AM - 1:05 PM,T R,"Lundin, Matthew D.",BLANCH 324,,"GP, HP"
80431,HIST,102,4,,EGP: World History,4,1:15 PM - 3:05 PM,T R,"Lovett, Carla K.",BLANCH 339,,"GP, HP"
80434,HIST,102,6,,EGP: World History,4,8:30 AM - 10:20 AM,T R,"Lovett, Carla K.",BLANCH 339,,"GP, HP"
80436,HIST,311,0,,History of Philosophy,4,11:35 AM - 12:45 PM,M W F,"Wood, Adam N.",BLANCH 339,,
80437,HIST,348,0,,Revolutionary Europe,4,6:30 PM - 10:00 PM,M,"Lundin, Matthew D.",BLANCH 324,,
80439,HIST,334,0,,Modern East Asia,4,11:35 AM - 12:45 PM,M W F,"Kim, Hanmee N.",BLANCH 223,,
80441,HIST,495,0,,Independent Study,1 TO 4,TBA,,STAFF,,,
80442,HIST,496,0,,Internship,4,TBA,,STAFF,,,
80443,HIST,498,0,,Honors Tutorial,4,TBA,,STAFF,,,
80444,HIST,499,0,,Honors Thesis,4,TBA,,"McKenzie, Robert T.",,,
80445,CORE,101,20,,FYS-Diversity & Community,4,11:35 AM - 12:45 PM,M W F,"Harkrider, Melissa",BLANCH 273,,
80447,HIST,391,1,B,Religion/Health in US History,2,11:15 AM - 1:05 PM,T R,"Riddle, Jonathan D.",BLANCH 223,,
80454,PSYC,101,0,,"Introduction to PsychologyTues lec 1/2 of period;Psyc 101L req'd",4,11:15 AM - 1:05 PM,R,"Callender, Aimee A.",BGC 105 AUD,,SI
80455,PSYC,101L,1,,Intro To Psych Lab,0,12:15 PM - 1:05 PM,T,"Fort, Christin J.",BGC 105 AUD,,
80456,PSYC,101L,2,,Intro To Psych Lab,0,12:15 PM - 1:05 PM,T,"Callender, Aimee A.",BGC 252,,
80457,PSYC,101L,3,,Intro To Psych Lab,0,12:15 PM - 1:05 PM,T,"Hannah, Darlene B.",BGC 254,,
80458,PSYC,101L,4,,Intro To Psych Lab,0,12:15 PM - 1:05 PM,T,STAFF,BGC M209,,
80461,PSYC,241,0,,Social Psychology,4,1:15 PM - 3:05 PM,T R,"Hannah, Darlene B.",BGC 250,,SI
80464,PSYC,269,1,,Experimental Psychology,4,8:30 AM - 10:20 AM,T R,"Vessey, John T.",BGC M209,,
80465,PSYC,317,1,,Developmental Psychology,4,8:00 AM - 9:10 AM,M W F,"Hall, Sarah E.",BGC 134,,SI
80466,PSYC,317,2,,Developmental Psychology,4,11:35 AM - 12:45 PM,M W F,"Hall, Sarah E.",BGC 134,,SI
80467,PSYC,345,0,,Learning,4,12:55 PM - 2:05 PM,M W F,"Phinney, Raymond",BGC M228,,
80468,PSYC,348,1,,Abnormal Psychology,4,9:20 AM - 10:30 AM,M W F,"Eveleigh, Elisha",BGC 012,,
80469,PSYC,348,2,,Abnormal Psychology,4,6:30 PM - 10:00 PM,T,"Butman, Richard E.",BGC M228,,
80470,PSYC,352,0,,Contemporary Clinical Psyc,4,9:20 AM - 10:30 AM,M W F,"Hall, Sarah E.",BGC M228,,
80472,PSYC,481,8,,Current Issues-School Psych,2,1:15 PM - 3:05 PM,T,"Eveleigh, Elisha",BGC M229,,
80475,PSYC,494,0,,Personality Psychology,4,2:15 PM - 3:25 PM,M W F,"Fort, Christin J.",BGC M228,,
80476,PSYC,495,0,,Independent Study,1 TO 4,TBA,,STAFF,,,
80477,PSYC,496,0,,Internship,4 OR 8,TBA,,"Eveleigh, Elisha",,,
80478,PSYC,497,0,,Collaborative Research Groups,2 OR 4,TBA,,"Eveleigh, Elisha",,,
80479,PSYC,499,0,,Honors Thesis,4 OR 8,TBA,,STAFF,,,
80481,PSYC,351,0,,Cognition,4,11:35 AM - 12:45 PM,M W F,"Callender, Aimee A.",BGC M228,,
80482,CORE,101,21,,FYS-Who Am I?,4,11:35 AM - 12:45 PM,M W F,"Eveleigh, Elisha",BGC 253,,
80483,CORE,101,22,,FYS-Memories & Good Life,4,9:20 AM - 10:30 AM,M W F,"Callender, Aimee A.",MEY 355,,
80484,ENGL,111,1,,SWL: Spiritual Battle in Lit,4,12:55 PM - 2:05 PM,M W F,"Dunn-Hensley, Susan M.",BLANCH 139,,LE
80485,ENGL,111,2,,SWL: Classics-Shakespeare,4,2:15 PM - 3:25 PM,M W F,"Galbraith, Jeffrey R.",BLANCH 139,,LE
80488,ENGL,115,1,,Modern Global Literature,4,9:20 AM - 10:30 AM,M W F,"Dunn-Hensley, Susan M.",BLANCH 222,,LE
80489,ENGL,215,1,,Classical/Early British Lit,4,9:20 AM - 10:30 AM,M W F,"Weber, Benjamin D.",BLANCH 322,,LE
80490,ENGL,215,2,,Classical/Early British Lit,4,1:15 PM - 3:05 PM,T R,"Gibson, Richard H.",BLANCH 322,,LE
80491,ENGL,215,3,,Classical/Early British Lit,4,11:15 AM - 1:05 PM,T R,"Gibson, Richard H.",BLANCH 322,,LE
80492,ENGL,225,0,,Topical Seminar:Poetry,4,8:30 AM - 10:20 AM,T R,"Nonaka, Miho",BLANCH 323,,
80493,ENGL,326,0,A,Children's Lit,2,6:30 PM - 10:00 PM,R,"Dunn-Hensley, Susan M.",BLANCH 222,,
80497,ENGL,494,0,,Senior Seminar,4,9:20 AM - 10:30 AM,M W F,"Bieber Lake, Christina",BLANCH 323,,
80498,ENGL,495,0,,Independent Study,1 TO 4,TBA,,STAFF,,,
80499,ENGL,496,0,,Literature Internship,1 TO 4,TBA,,STAFF,,,
80500,ENGW,103,1,,Composition and Research,4,11:15 AM - 1:05 PM,T R,"Gibson, Alison R.",JENKS 206,,COMP
80502,ENGW,103,3,,Composition and Research,4,3:15 PM - 5:05 PM,T R,"Gibson, Alison R.",BLANCH 322,,COMP
80503,ENGW,103,4,,Composition and Research,4,11:35 AM - 12:45 PM,M W F,"Weber, Benjamin D.",BLANCH 124,,COMP
80504,ENGW,103,5,,Composition and Research,4,12:55 PM - 2:05 PM,M W F,"Long, Abigail H.",BLANCH 324,,COMP
80505,ENGW,103,6,,Composition and Research,4,11:15 AM - 1:05 PM,T R,"Sasser, Kimberly A.",MEY 184,,COMP
80506,ENGW,103,7,,Composition and Research,4,8:30 AM - 10:20 AM,T R,"Lapeyre, Christopher A.",BLANCH 125,,COMP
80507,ENGW,103,8,,Composition and Research,4,1:15 PM - 3:05 PM,T R,"Lapeyre, Christopher A.",BLANCH 324,,COMP
80509,ENGW,104,2,A,Composition and Research,2,9:20 AM - 10:30 AM,M W F,"Ryken, Leland",BLANCH 272,,COMP
80510,ENGW,104,3,B,Composition and Research,2,9:20 AM - 10:30 AM,M W F,"Ryken, Leland",BLANCH 272,,COMP
80511,ENGW,104,4,B,Composition and Research,2,2:15 PM - 3:25 PM,M W F,"Martindale, H. Wayne",BLANCH 124,,COMP
80512,ENGW,213,1,,Creative Writing,4,2:15 PM - 3:25 PM,M W F,"Bratcher, Andrew B.",BLANCH 323,,
80513,ENGW,213,2,,Creative Writing,4,1:15 PM - 3:05 PM,T R,"Nonaka, Miho",BLANCH 323,,
80515,ENGW,494,0,,Senior Seminar in Writing,4,11:15 AM - 1:05 PM,T R,"Mazzarella, Nicole",BLANCH 323,,
80516,ENGW,495,0,,Writing Projects,1 TO 4,TBA,,STAFF,,,
80517,ENGW,496,0,,Writing Internship,1 TO 4,TBA,,STAFF,,,
80520,ENGL,342,0,,Am Lit:Realism To Modernism,4,1:15 PM - 3:05 PM,T R,"Kriner, Tiffany E.",BLANCH 272,,
80523,ENGL,385,1,A,C.S. Lewis,2,6:30 PM - 10:00 PM,T,"Martindale, H. Wayne",BLANCH 222,,
80528,ENGW,332,0,,Creative Non-Fiction,4,9:20 AM - 10:30 AM,M W F,"Bratcher, Andrew B.",BLANCH 440,,
80530,CORE,101,23,,FYS-What is Justice?,4,8:30 AM - 10:20 AM,T R,"Beitler, James E.",BLANCH 139,,
80533,CORE,101,26,,FYS-What is an Individual?,4,11:35 AM - 12:45 PM,M W F,"Galbraith, Jeffrey R.",BLANCH 440,,
80535,CHIN,101,1,,"Elementary Chinese IMinimal/no prior Chinese",4,11:35 AM - 12:45 PM,M W F,"Wang, Rose",MSC 105,,
80536,CHIN,101,2,,"Elementary Chinese I1 Year HS Chinese/ heritage speaker",4,12:55 PM - 2:05 PM,M W F,"Wang, Rose",MSC 105,,
80538,CHIN,201,0,,Intermediate Mandarin Chinese,4,12:55 PM - 2:05 PM,M W F,"Zhai, Wenyang",ARM 120,,COMP
80542,FREN,101,0,,Elementary French I,4,12:55 PM - 2:05 PM,M W F,"Forsberg, Amy Y.",BLANCH 222,,
80543,FREN,103,1,,Accel Elem French,4,8:00 AM - 9:10 AM,M W F,"Savage, Alan D.",SCHELL 202,,
80544,FREN,201,1,,Intermediate French,4,11:35 AM - 12:45 PM,M W F,"Abel, Sheri L.",SCHELL 202,,COMP
80545,FREN,201,2,,Intermediate French,4,9:20 AM - 10:30 AM,M W F,"Abel, Sheri L.",SCHELL 201,,COMP
80546,FREN,331,1,,French Conversation,4,12:55 PM - 2:05 PM,M W F,"Abel, Sheri L.",SCHELL 202,25,
80549,FREN,371,0,,Meth of Teach Foreign Language,4,9:20 AM - 10:30 AM,M W F,"Barlar, Sharenda H.",WYN 307,,
80550,FREN,495,0,,Independent Study,1 TO 4,TBA,,STAFF,,,
80551,FREN,496,0,,Internship,2 OR 4,TBA,,STAFF,,,
80552,GERM,101,0,,Elementary German I,4,8:00 AM - 9:10 AM,M W F,"Shaffer, Clinton S.",MSC 105,,
80554,GERM,201,0,,Intermediate German,4,12:55 PM - 2:05 PM,M W F,"Gascho, Bethel L.",MSC 122,,COMP
80555,GERM,371,0,,Meth Teach Foreign Language,4,9:20 AM - 10:30 AM,M W F,"Barlar, Sharenda H.",WYN 307,,
80556,GERM,341,0,,Contemp German Culture,4,12:55 PM - 2:05 PM,M W F,"Shaffer, Clinton S.",WYN 307,25,
80557,GERM,372,0,,German for Reading,4,3:35 PM - 5:25 PM,W F,"Shaffer, Clinton S.",MSC 103,,
80560,GERM,495,0,,Independent Study,1 TO 4,TBA,,STAFF,,,
80561,GERM,496,0,,Internship,2 OR 4,TBA,,STAFF,,,
80562,GREK,101,1,,Elementary Greek I,4,8:00 AM - 9:10 AM,M W F,"Penney, Douglas L.",MSC 120,,
80563,GREK,101,2,,Elementary Greek I,4,9:20 AM - 10:30 AM,M W F,"Laansma, Jon C.",MSC 105,,
80564,GREK,101,3,,Elementary Greek I,4,12:55 PM - 2:05 PM,M W F,"Penney, Douglas L.",MSC 120,,
80565,GREK,201,1,,Intermediate Greek,4,9:20 AM - 10:30 AM,M W F,"Penney, Douglas L.",MSC 120,,COMP
80566,GREK,201,2,,Intermediate Greek,4,2:15 PM - 3:25 PM,M W F,"Penney, Douglas L.",MSC 120,,COMP
80569,GREK,495,0,,Independent Reading,1 TO 4,TBA,,STAFF,,,
80570,HEBR,301,1,,Elementary Hebrew I,4,12:55 PM - 2:05 PM,M W F,"Abernethy, Andrew T.",BGC 012,,
80572,HEBR,401,0,,Intermediate Hebrew,4,1:15 PM - 3:05 PM,T R,"Buster, Aubrey E.",BGC 130,,COMP
80573,HEBR,495,0,,Independent Reading/Rsrch,1 TO 4,TBA,,STAFF,,,
80574,LATN,101,0,,Elementary Latin I,4,9:20 AM - 10:30 AM,M W F,"Loney, Alexander C.",JENKS 204,,
80575,LATN,201,0,,Intermediate Latin,4,11:35 AM - 12:45 PM,M W F,"Loney, Alexander C.",MSC 120,,COMP
80576,LATN,495,0,,Independent Study,1 TO 4,TBA,,STAFF,,,
80577,SPAN,101,1,,Elementary Spanish,4,11:35 AM - 12:45 PM,M W F,"Barlar, Sharenda H.",SCHELL 201,,
80578,SPAN,101,2,,Elementary Spanish,4,2:15 PM - 3:25 PM,M W F,"Barlar, Sharenda H.",SCHELL 201,,
80579,SPAN,103,1,,Accel Elem Spanish,4,8:00 AM - 9:10 AM,M W F,"Gates, Stephanie R.",JENKS 204,,
80580,SPAN,103,2,,Accel Elem Spanish,4,11:35 AM - 12:45 PM,M W F,"Gates, Stephanie R.",ARM 246,,
80581,SPAN,103,3,,Accel Elem Spanish,4,11:35 AM - 12:45 PM,M W F,"Toly, Rebecca A.",JENKS 205,,
80582,SPAN,103,4,,Accel Elem Spanish,4,12:55 PM - 2:05 PM,M W F,"Toly, Rebecca A.",JENKS 205,,
80584,SPAN,201,1,,Intermediate Spanish,4,8:00 AM - 9:10 AM,M W F,"Toly, Rebecca A.",JENKS 205,,COMP
80585,SPAN,201,2,,Intermediate Spanish,4,8:00 AM - 9:10 AM,M W F,"Klingler, Timothy M.",SCHELL 201,,COMP
80586,SPAN,201,3,,Intermediate Spanish,4,9:20 AM - 10:30 AM,M W F,"Toly, Rebecca A.",JENKS 205,,COMP
80587,SPAN,201,4,,Intermediate Spanish,4,12:55 PM - 2:05 PM,M W F,"Klingler, Timothy M.",ARM 145,,COMP
80588,SPAN,201,5,,Intermediate Spanish,4,8:30 AM - 10:20 AM,T R,"Soerens, Diana M.",SCHELL 202,,COMP
80589,SPAN,201,6,,Intermediate Spanish,4,11:15 AM - 1:05 PM,T R,"Soerens, Diana M.",SCHELL 202,,COMP
80590,SPAN,331,1,,Spanish Conversation,4,9:20 AM - 10:30 AM,M W F,"Quiroa, Nestor I.",JENKS 206,25,
80591,SPAN,331,2,,Spanish Conversation,4,11:35 AM - 12:45 PM,M W F,"Quiroa, Nestor I.",JENKS 206,25,
80592,SPAN,331,3,,Spanish Conversation,4,12:55 PM - 2:05 PM,M W F,"Barlar, Sharenda H.",SCHELL 201,25,
80593,SPAN,331,4,,Spanish Conversation,4,2:15 PM - 3:25 PM,M W F,"Hawthorne Klingler, L.",ARM 120,25,
80594,SPAN,332,1,,Adv Grammar And Composition,4,9:20 AM - 10:30 AM,M W F,"Kepner, Christine G.",WYN 302,,
80595,SPAN,332,2,,Adv Grammar And Composition,4,12:55 PM - 2:05 PM,M W F,"Gates, Stephanie R.",JENKS 206,,
80596,SPAN,335,0,,Latin Am Culture/Civilization,4,11:35 AM - 12:45 PM,M W F,"Klingler, Timothy M.",ARM 120,,GP
80598,SPAN,337,0,,Spanish American Literature,4,2:15 PM - 3:25 PM,M W F,"Quiroa, Nestor I.",JENKS 206,,"GP, LE"
80599,SPAN,371,0,,Meth Teach Foreign Language,4,9:20 AM - 10:30 AM,M W F,"Barlar, Sharenda H.",WYN 307,,
80601,SPAN,494,0,,Senior Seminar,4,8:30 AM - 10:20 AM,T R,"Kepner, Christine G.",WYN 307,,
80602,SPAN,495,0,,Independent Study,1 TO 4,TBA,,STAFF,,,
80603,SPAN,496,0,,Internship,2 OR 4,TBA,,STAFF,,,
80605,EDUC,135,1,,School & Society,2,4:00 PM - 5:50 PM,R,"Eckert, Jonathan M.",BLANCH 455,,
80606,EDUC,135,2,,School & Society,2,6:00 PM - 7:50 PM,R,"Eckert, Jonathan M.",BLANCH 455,,
80607,EDUC,136,1,B,Teaching Diverse Students,2,11:35 AM - 12:45 PM,M W F,"Vroom Fick, Sara J.",BLANCH 455,,
80608,EDUC,136,2,B,Teaching Diverse Students,2,12:55 PM - 2:05 PM,M W F,"Vroom Fick, Sara J.",BLANCH 455,,
80609,EDUC,136L,0,,Cross-cultural Tutoring,1,TBA,,"Vroom Fick, Sara J.",,,
80610,EDUC,225,0,,Psych & Dev Contexts of Educ,4,8:30 AM - 10:20 AM,T R,"Kim, Il-Hee",BLANCH 455,,
80611,EDUC,225,2,,Psych & Dev Contexts of Educ,4,11:15 AM - 1:05 PM,T R,"Kim, Il-Hee",BLANCH 455,,
80612,EDUC,225L,0,,Teacher Aiding Practicum,1,TBA,,Felker & Kim,,,
80613,EDUC,305,2,A,Learning Differences,2,9:20 AM - 10:30 AM,M W F,"Boehm, Thomas L.",BLANCH 455,,
80614,EDUC,305,1,A,Learning Differences,2,8:00 AM - 9:10 AM,M W F,"Boehm, Thomas L.",BLANCH 455,,
80615,EDUC,305L,0,,Learning Differences Practicum,1,TBA,,"Boehm, Thomas L.",,,
80616,EDUC,306,0,,Classroom Comm & Curr Int,4,11:15 AM - 1:05 PM,T R,"Eckert, Jonathan M.",BLANCH 472,,
80617,EDUC,308,0,B,Exceptional Child Survey,2,9:20 AM - 10:30 AM,M W F,"Ruiz, Diane S.",BLANCH 455,,
80618,EDUC,324L,0,B,Middle/HS:Meth Pract,1,TBA,MTWRF,"Lederhouse, Jillian N.",,,
80620,EDUC,405L,0,,Middle Grade Practicum,1,TBA,,"Morrison, Sally E.",,,
80621,EDUC,494,1,,Senior Seminar:Elementary,2,4:30 PM - 6:30 PM,M,"Morrison, Sally E.",BLANCH 472,300,
80622,EDUC,494,2,,Senior Sem:Middle Grades,2,4:30 PM - 6:30 PM,M,"Lederhouse, Jillian N.",BLANCH 455,300,
80623,EDUC,494,3,,Senior Seminar:High School,2,4:30 PM - 6:30 PM,T,"Davis, Donald G.",BLANCH 472,300,
80624,EDUC,495,0,,Independent Study,1 TO 4,TBA,,STAFF,,,
80625,EDUC,496,0,,Student Teaching,9,TBA,,"Lederhouse, Jillian N.",,,
80626,EDUC,497,1,B,"Philosophy of Education11/26-12/10; Partly at HoneyRock",3,11:35 AM - 2:05 PM,MTWRF,STAFF,JENKS 204,175,
80627,EDUC,497,2,B,"Philosophy of Education11/26-12/10; Partly at HoneyRock",3,2:15 PM - 4:45 PM,MTWRF,STAFF,JENKS 204,175,
80628,EDUC,497,3,B,Philosophy of Education,3,11:35 AM - 3:35 PM,MTWRF,"Morrison, Sally E.",JENKS 204,,
80629,EDUC,505L,0,,Learning Differences Practicum,0,TBA,,"Boehm, Thomas L.",,,
80630,EDUC,506,0,,Classroom Comm & Curr Int,4,11:15 AM - 1:05 PM,T R,"Eckert, Jonathan M.",BLANCH 472,,
80631,EDUC,507L,0,,Middle Grade Practicum,0,TBA,,"Morrison, Sally E.",,,
80632,EDUC,515L,0,,Cross-Cultural Tutoring,0,TBA,,"Vroom Fick, Sara J.",,,
80633,EDUC,521L,0,,Teaching Aiding Practicum,0,TBA,,Felker & Kim,,,
80634,EDUC,541,0,,Statistics In Educ,2,6:00 PM - 7:50 PM,W,"Kim, Il-Hee",BLANCH 472,,
80635,EDUC,587,0,B,"Phil Foundations Of Education11/26-12/10; Partly at HoneyRock",3,2:15 PM - 4:45 PM,MTWRF,STAFF,JENKS 204,175,
80636,EDUC,594,1,,Craft Of Teaching-Elementary,2,4:30 PM - 6:30 PM,M,"Morrison, Sally E.",BLANCH 472,300,
80638,EDUC,594,3,,Craft Of Teaching-Secondary,2,4:30 PM - 6:30 PM,T,STAFF,BLANCH 324,300,
80639,EDUC,595,0,,Independent Study,1 TO 4,TBA,,STAFF,,,
80640,EDUC,596,0,,Student Teaching,9,TBA,,"Lederhouse, Jillian N.",,,
80641,EDUC,598,0,,Action Reserch Paper,2,TBA,,STAFF,,,
80642,EDUC,599,0,,Action Research Continuation,0,TBA,,STAFF,,50,
80643,EDUC,698,0,,Thesis,4,TBA,,STAFF,,,
80644,EDUC,699,0,,Thesis Continuation,0,TBA,,STAFF,,50,
80645,EDUC,201,0,,U.S. Education Policy,4,8:30 AM - 10:20 AM,T R,"Eckert, Jonathan M.",BLANCH 472,,SI
80646,EDUC,338L,0,,LBS Practicum I-B,1,TBA,,"Lederhouse, Jillian N.",,,
80647,EDUC,338,0,,Cross-Categorical Methods,4,1:15 PM - 3:05 PM,T R,"Lederhouse, Jillian N.",BLANCH 455,,
80648,EDUC,587,2,B,Phil Foundations Of Education,3,11:35 AM - 3:35 PM,MTWRF,"Morrison, Sally E.",JENKS 204,,
80650,ARCH,211,0,,OT Archaeology,4,11:15 AM - 1:05 PM,T R,"Master, Daniel M.",BGC 534,,
80651,ARCH,213,0,,NT Archaeology,4,9:20 AM - 10:30 AM,M W F,"Miglio, Adam E.",BGC 130,,
80654,ARCH,495,0,,Independent Study,1 TO 4,TBA,,STAFF,,,
80656,BITH,211,1,,OT Lit & Interpretation,4,6:30 PM - 10:00 PM,T,STAFF,BGC 138,,SHAR
80658,BITH,211,3,,OT Lit & Interpretation,4,8:30 AM - 10:20 AM,T R,"Smith, Samuel C.",BGC 138,,SHAR
80659,BITH,211,4,,OT Lit & Interpretation,4,11:15 AM - 1:05 PM,T R,"Hill, Andrew E.",BGC 138,,SHAR
80660,BITH,211,5,,OT Lit & Interpretation,4,1:15 PM - 3:05 PM,T R,"Walton, John H.",BGC 138,,SHAR
80661,BITH,211,6,,OT Lit & Interpretation,4,8:00 AM - 9:10 AM,M W F,STAFF,BGC 138,,SHAR
80662,BITH,211,7,,OT Lit & Interpretation,4,2:15 PM - 3:25 PM,M W F,"Buster, Aubrey E.",BGC 138,,SHAR
80664,BITH,213,1,,NT Lit & Interpretation,4,11:15 AM - 1:05 PM,T R,"Vlachos, Chris A.",BGC 136,,SHAR
80665,BITH,213,2,,NT Lit & Interpretation,4,2:15 PM - 3:25 PM,M W F,"Ehorn, Seth M.",BGC 136,,SHAR
80666,BITH,213,3,,NT Lit & Interpretation,4,8:30 AM - 10:20 AM,T R,"Vlachos, Chris A.",BGC 136,,SHAR
80667,BITH,213,4,,NT Lit & Interpretation,4,12:55 PM - 2:05 PM,M W F,"Ehorn, Seth M.",BGC 136,,SHAR
80668,BITH,213,5,,NT Lit & Interpretation,4,6:30 PM - 10:00 PM,T,STAFF,BGC 136,,SHAR
80669,BITH,213,6,,NT Lit & Interpretation,4,9:20 AM - 10:30 AM,M W F,"Sosa Siliezar, Carlos R.",BGC 136,,SHAR
80670,BITH,213,7,,NT Lit & Interpretation,4,11:35 AM - 12:45 PM,M W F,"Peeler, Amy L.",BGC 136,,SHAR
80672,BITH,315,1,,Christian Thought,4,8:30 AM - 10:20 AM,T R,"Bacote, Vincent E.",BGC 132,,SHAR
80673,BITH,315,2,,Christian Thought,4,11:15 AM - 1:05 PM,T R,"McGowin, Emily H.",BGC 132,,SHAR
80674,BITH,315,3,,Christian Thought,4,11:35 AM - 12:45 PM,M W F,"Johnson, Keith L.",BGC 132,,SHAR
80675,BITH,315,4,,Christian Thought,4,2:15 PM - 3:25 PM,M W F,"Lauber, David",BGC 132,,SHAR
80676,BITH,315,5,,Christian Thought,4,8:00 AM - 9:10 AM,M W F,"McGowin, Emily H.",BGC 132,,SHAR
80677,BITH,315,6,,Christian Thought,4,6:30 PM - 10:00 PM,W,"Barbeau, Jeffrey W.",BGC 132,,SHAR
80678,BITH,315,7,,Christian Thought,4,9:20 AM - 10:30 AM,M W F,"McGowin, Emily H.",BGC 132,,SHAR
80680,BITH,325,0,,Biblical Interp & Hermeneutics,4,6:30 PM - 10:00 PM,T,"Green, Gene L.",BGC 132,,
80683,BITH,372,0,,Historical Theology,4,1:15 PM - 3:05 PM,T R,"Bruce, Matthew J.",BGC 132,,
80684,BITH,374,0,,Systematic Theology,4,11:15 AM - 1:05 PM,T R,STAFF,BGC 140,,
80690,BITH,494,0,,Senior Seminar,2,1:15 PM - 3:05 PM,R,Peeler & Lee,BGC 569,,
80692,BITH,496,0,,Internship,1 TO 4,TBA,,STAFF,,,
80693,BITH,499,0,,Honors Thesis,2 OR 4,TBA,,STAFF,,,
80694,BITH,505,0,,German for Reading,4,3:35 PM - 5:25 PM,W F,"Shaffer, Clinton S.",MSC 103,,
80695,BITH,524,0,A,Intro to Hermeneutics,2,11:35 AM - 12:45 PM,M W F,"Ehorn, Seth M.",BGC 532,,
80697,BITH,536,1,A,OT Book Study: Psalms,2,6:30 PM - 10:00 PM,T,"Bullock, C. Hassell",BGC 532,,
80698,BITH,536,2,B,OT Book Studies-Deuteronomy,2,6:30 PM - 10:00 PM,T,"Block, Daniel I.",BGC 532,,
80705,BITH,565,1,,Christian Theology,4,11:15 AM - 1:05 PM,T R,"Cortez, Marc A.",BGC 250,,
80706,BITH,565,2,,Christian Theology,4,6:30 PM - 10:00 PM,T,"Bacote, Vincent E.",BGC 250,,
80708,BITH,573,0,,Scripture and Theology,4,1:15 PM - 3:05 PM,T R,"Cortez, Marc A.",BGC 532,,
80710,BITH,581,0,,The Reformation,4,11:15 AM - 1:05 PM,T R,"McNutt, Jennifer P.",BGC 524,,
80713,BITH,646,0,,Greek Exegesis:1 Corinthians,4,8:00 AM - 9:10 AM,M W F,"Laansma, Jon C.",MSC 122,,
80714,BITH,653,0,A,Historical Theol:Patristics,2,8:30 AM - 10:20 AM,T R,"Bruce, Matthew J.",BGC 534,,
80715,BITH,654,0,B,Hist Theology: Medieval,2,8:30 AM - 10:20 AM,T R,"Bruce, Matthew J.",BGC 534,,
80716,BITH,675,0,,Adv Syst Theology: Creation,4,6:30 PM - 10:00 PM,W,"McNutt, David W.",BGC 534,,
80717,BITH,676,0,,System Theology: Creation,4,6:30 PM - 10:00 PM,W,"McNutt, David W.",BGC 534,,
80718,BITH,677,0,,Modern British Religious Hist,4,6:30 PM - 10:00 PM,T,"Larsen, Timothy T.",BGC 569,,
80719,BITH,684,0,,Vocation Formation,0,5:05 PM - 6:05 PM,M,"Cortez, Marc A.",BGC 532,,
80720,BITH,692,0,,Comprehensive Exam,0,TBA,,"Capes, David B.",,25,
80721,BITH,695,0,,Independent Study,1 TO 4,TBA,,STAFF,,,
80722,BITH,696,0,,Internship,2 OR 4,TBA,,STAFF,,,
80723,BITH,698,0,,Thesis,4,TBA,,STAFF,,,
80724,BITH,699,0,,Thesis Continuation,0,TBA,,STAFF,,50,
80725,BITH,751,0,,Intro to Doctoral Research,0,1:15 PM - 3:05 PM,T,"Treier, Daniel J.",BGC 569,,
80726,BITH,793,0,,Directed Study,2 TO 4,TBA,,STAFF,,,
80727,BITH,794,0,,Directed Study-Liberal Arts,2 TO 4,TBA,,STAFF,,,
80728,BITH,795,0,,Guided Research,1 TO 4,TBA,,STAFF,,,
80729,BITH,798,0,,Guided Pedagogical Experience,2,TBA,,STAFF,,,
80730,BITH,881,0,,Biblical Interp & Theology,4,8:00 AM - 11:30 AM,T,"Treier, Daniel J.",BGC 569,,
80731,BITH,882,0,,Old Testament Social Ethics,4,8:00 AM - 11:30 AM,M,"Carroll, Mark D.",BGC 569,,
80732,BITH,898,0,,Dissertation,0,TBA,,"Treier, Daniel J.",,,
80733,BITH,899,0,,Dissertation Continuation (FT),0,TBA,,"Treier, Daniel J.",,,
80734,BITH,999,0,,Dissertation Continuation (PT),0,TBA,,"Treier, Daniel J.",,,
80742,BITH,375,0,,Christian Ethics,4,11:35 AM - 12:45 PM,M W F,"Lauber, David",BGC 263,,
80743,BITH,376,0,,Theologies of Transformation,4,6:30 PM - 10:00 PM,T,"Lee, Gregory W.",,,SHAR
80749,BITH,635,1,,Hebrew Exegesis: Isaiah,4,11:15 AM - 1:05 PM,T R,"Schultz, Richard L.",BGC 255,,
80754,CORE,101,27,,FYS-How Do We Help the Poor?,4,11:35 AM - 12:45 PM,M W F,"Graves, Michael W.",BGC 255,,
80755,CORE,101,28,,FYS-What is Love?,4,9:20 AM - 10:30 AM,M W F,"Lauber, David",BGC 534,,
80756,CORE,101,29,,FYS-Who is God?,4,12:55 PM - 2:05 PM,M W F,"Peeler, Amy L.",BGC 255,,
80757,CORE,101,30,,"FYS-Power, Tragedy, Good Life",4,11:35 AM - 12:45 PM,M W F,"Miglio, Adam E.",MSC 122,,
80758,MUCS,101,5,B,Intro To Music:Historical,2,9:20 AM - 10:30 AM,M W F,"Rakes, John P.",ARM 145,,VPAM
80759,MUCS,101,1,A,Intro To Music:Historical,2,8:00 AM - 9:10 AM,M W F,"Rakes, John P.",ARM 145,,VPAM
80760,MUCS,101,2,A,Intro To Music:Historical,2,2:15 PM - 3:25 PM,M W F,"Griffin, Rose A.",ARM 145,,VPAM
80762,MUCS,101,4,B,Intro To Music:Historical,2,2:15 PM - 3:25 PM,M W F,"Yi, Gina J.",ARM 145,,VPAM
80763,MUCS,102,0,B,Intro To Music:Interdisc,2,8:00 AM - 9:10 AM,M W F,"Rakes, John P.",ARM 145,,VPAM
80764,MUCS,103,1,A,Intro To Music:20C/World,2,8:30 AM - 10:20 AM,T R,"Buis, Johann S.",ARM 252,,VPAM
80766,MUCS,262,0,,Baroque/Classical Eras,4,11:35 AM - 12:45 PM,M W F,"Saylor, L. Jonathan",ARM 145,192,
80767,MUCS,264,0,A,World Music,2,9:20 AM - 10:30 AM,M W F,"Kastner, Kathleen S.",ARM 145,96,
80769,MUCS,327,1,,Woodwind Literature:Flute,2,TBA,,Brown & Saylor,,245,
80770,MUCS,327,2,,Woodwind Lit:Single Reed,2,TBA,,O'Riordan & Saylor,,245,
80771,MUCS,327,3,,Woodwind Lit:Double Reeds,2,TBA,,Stevenson & Saylor,,245,
80772,MUCS,328,1,,Brass Literature: Trumpet,2,TBA,,Ridenour & Saylor,,245,
80773,MUCS,328,2,,Brass Literature: Horn,2,TBA,,Cottle & Saylor,,245,
80774,MUCS,328,3,,Brass Lit: Low Brass,2,TBA,,Davis & Saylor,,245,
80775,MUCS,329,1,,Percussion Literature,1 TO 2,TBA,,"Kastner, Kathleen S.",,245,
80776,MUCS,329,2,,Percussion Literature,1 TO 2,TBA,,"Kastner, Kathleen S.",,245,
80780,MUCS,494,0,A,Senior Capstone,2,11:35 AM - 12:45 PM,M W F,"Kastner, Kathleen S.",EDMAN 102,96,
80781,MUCS,495,0,,Directed Study,1 TO 4,TBA,,"Zimmerman, Edward",,96,
80783,MUMS,114,0,A,Piano Sight Reading,1,8:00 AM - 9:10 AM,M W F,"Stampfl, Aaron J.",,48,
80784,MUMS,115,1,A,Intro to Music Studies,2,8:30 AM - 10:20 AM,T R,Zimmerman & Yi,ARM 145,96,
80786,MUMS,248,1,,"Basic ConductingMums 346 lab required",3,9:20 AM - 10:30 AM,M W F,"Sommerville, Daniel A.",ARM 046,144,
80787,MUMS,248,2,,"Basic ConductingMums 346 lab required",3,11:35 AM - 12:45 PM,M W F,"Rakes, John P.",ARM 046,144,
80788,MUMS,255,0,B,Pedagogy I,2,9:20 AM - 10:30 AM,M W F,"Bauer, Elizabeth A.",EDMAN 102,96,
80789,MUMS,261,0,,Feldenkrais for Musicians,1,6:45 PM - 8:15 PM,M,"Sterling, Robin C.",ARM 120,48,
80790,MUMS,312,1,,Instrumental Conducting,3,12:55 PM - 2:05 PM,M W F,"Sommerville, Daniel A.",ARM 046,144,
80791,MUMS,333,0,,Music Outreach Practicum,1,TBA,,"Bauer, Elizabeth A.",,180,
80792,MUMS,341,4,,Instrumental Tech-Brass,2,8:30 AM - 9:20 AM,T R,"Ridenour, Mark A.",EDMAN 102,96,
80794,MUMS,341,6,,Instrumental Tech-Guitar,1,12:55 PM - 2:05 PM,F,Torosian & Saylor,ARM 124,48,
80795,MUMS,342,0,,Vocal Techniques,1,11:15 AM - 12:05 PM,T,"Hueber, Thomas E.",ARM 120,48,
80797,MUMS,346,0,,Conducting Lab,0,8:00 AM - 9:10 AM,W,"Sommerville, Daniel A.",ARM 046,48,
80800,MUMS,385,0,,Applied Pedagogy I,2,TBA,,"Bauer, Elizabeth A.",,96,
80801,MUMS,421,0,,Honors Conducting,0 TO 1,TBA,,Hopper & Zimmerman,,48,
80803,MUMS,471,0,,Choral Methods,2,8:00 AM - 9:10 AM,M   F,"Yi, Gina J.",ARM 120,96,
80804,MUMS,471L,0,,Choral Methods Pract,1,8:00 AM - 9:10 AM,W,"Yi, Gina J.",ARM 120,48,
80805,MUMS,472,0,,Instrumental Methods,2,8:00 AM - 9:10 AM,M W,STAFF,ARM 252,96,
80806,MUMS,472L,0,,Instr Methds Practcm,1,8:00 AM - 9:10 AM,F,STAFF,ARM 252,48,
80808,MUMS,495,0,,Directed Study,1 TO 4,TBA,,"Zimmerman, Edward",,,
80809,MUMS,496,0,,Internship,2 TO 4,TBA,,"Bauer, Elizabeth A.",,180,
80811,MUTC,151,1,,Music Theory I,3,8:00 AM - 9:10 AM,M W F,"Wheatley, Gregory A.",ARM 246,144,
80812,MUTC,151,2,,Music Theory I,3,9:20 AM - 10:30 AM,M W F,"Kim, Misook",ARM 246,144,
80813,MUTC,151,3,,Music Theory I,3,2:15 PM - 3:25 PM,M W F,"Wheatley, Gregory A.",ARM 266,144,
80814,MUTC,152,1,,Aural Skills I,1,11:15 AM - 12:05 PM,T R,"Hollinger, Deborah",ARM 266,48,
80815,MUTC,152,2,,Aural Skills I,1,12:15 PM - 1:05 PM,T R,"Hollinger, Deborah",ARM 266,48,
80816,MUTC,152,3,,Aural Skills I,1,2:15 PM - 3:05 PM,T R,"Hollinger, Deborah",ARM 266,48,
80817,MUTC,231,0,,Composition I,2,9:30 AM - 10:20 AM,T R,"Okpebholo, Shawn E.",ARM 120,96,
80818,MUTC,233,0,,Digital Music Technology I,2,7:00 PM - 8:50 PM,M,"Baddorf, Donald G.",ARM 317,96,
80819,MUTC,241,1,,Music Theory III,2,8:00 AM - 9:10 AM,M W,"Okpebholo, Shawn E.",ARM 266,96,
80821,MUTC,241,3,,Music Theory III,2,12:55 PM - 2:05 PM,M W,"Okpebholo, Shawn E.",ARM 246,96,
80822,MUTC,252,1,,Aural Skills III,1,8:30 AM - 9:20 AM,T R,"Kim, Misook",ARM 266,48,
80823,MUTC,252,2,,Aural Skills III,1,9:30 AM - 10:20 AM,T R,"Kim, Misook",ARM 266,48,
80824,MUTC,252,3,,Aural Skills III,1,12:15 PM - 1:05 PM,T R,"Kim, Misook",ARM 246,48,
80825,MUTC,331,0,,Intermediate Composition,2,TBA,,"Okpebholo, Shawn E.",,512,
80826,MUTC,352,1,,Aural Skills V,1,8:30 AM - 9:20 AM,T R,"Clark, Micah S.",ARM 246,48,
80827,MUTC,352,2,,Aural Skills V,1,9:30 AM - 10:20 AM,T R,"Clark, Micah S.",ARM 246,48,
80828,MUTC,352,3,,Aural Skills V,1,2:15 PM - 3:05 PM,T R,"Clark, Micah S.",ARM 246,48,
80830,MUTC,451,0,,Advanced Composition,3,TBA,,"Okpebholo, Shawn E.",,770,
80831,MUTC,495,0,,Directed Study,1 TO 4,TBA,,"Zimmerman, Edward",,,
80832,CHEM,231,1,,General Chemistry I,4,8:00 AM - 9:10 AM,M W F,"Lane, Lori B.",MEY 145,,
80833,CHEM,231,2,,General Chemistry I,4,12:55 PM - 2:05 PM,M W F,"Lane, Lori B.",MEY 145,,
80835,CHEM,231L,1,,General Chemistry Lab,0,7:30 AM - 10:20 AM,T,"Lane, Lori B.",MEY 311,,
80836,CHEM,231L,2,,General Chemistry Lab,0,1:15 PM - 4:05 PM,T,"Walhout, Peter K.",MEY 311,,
80837,CHEM,231L,3,,General Chemistry Lab,0,6:45 PM - 9:35 PM,T,"Walhout, Peter K.",MEY 311,,
80838,CHEM,231L,4,,General Chemistry Lab,0,2:15 PM - 5:05 PM,W,"Lane, Lori B.",MEY 311,,
80839,CHEM,231L,5,,General Chemistry Lab,0,6:45 PM - 9:35 PM,W,"Walhout, Peter K.",MEY 311,,
80840,CHEM,231L,6,,General Chemistry Lab,0,7:30 AM - 10:20 AM,R,"David, Melody J.",MEY 311,,
80841,CHEM,231L,7,,General Chemistry Lab,0,12:15 PM - 3:05 PM,R,"McKoy, Angela F.",MEY 311,,
80842,CHEM,231L,8,,General Chemistry Lab,0,6:45 PM - 9:35 PM,R,"McKoy, Angela F.",MEY 311,,
80845,CHEM,294,0,,Chemistry Colloquium,1,6:45 PM - 7:35 PM,T,"Burden, Daniel L.",MEY 302,,
80847,CHEM,341,2,,Organic Chemistry I,4,11:35 AM - 12:45 PM,M W F,"Umesiri, Francis E.",MEY 021,,
80848,CHEM,341L,1,,Organic Chemistry I Lab,0,7:30 AM - 10:20 AM,T,"Dick, Allison R.",MEY 305,95,
80849,CHEM,341L,2,,Organic Chemistry I Lab,0,1:15 PM - 4:05 PM,T,"Umesiri, Francis E.",MEY 305,95,
80850,CHEM,341L,3,,Organic Chemistry I Lab,0,2:15 PM - 5:05 PM,W,"David, Melody J.",MEY 305,95,
80851,CHEM,341L,4,,Organic Chemistry I Lab,0,7:30 AM - 10:20 AM,R,"Sikkenga, David L.",MEY 305,95,
80853,CHEM,355,0,,Analytical Chemistry,2,11:15 AM - 12:05 PM,R,"Burden, Daniel L.",MEY 302,,
80854,CHEM,355L,1,,Analytical Lab,0,7:30 AM - 10:20 AM,R,"Burden, Daniel L.",MEY 304,95,
80855,CHEM,355L,2,,Analytical Lab,0,1:15 PM - 4:05 PM,R,"Burden, Daniel L.",MEY 304,95,
80856,CHEM,371,0,,Physical Chemistry I,4,9:20 AM - 10:30 AM,M W F,"Walhout, Peter K.",MEY 302,,
80859,CHEM,457,0,,Adv Analytcl Chem II,2,11:15 AM - 12:05 PM,T,"Burden, Daniel L.",MEY 304,,
80860,CHEM,457L,0,,Adv Analy Lab,0,1:15 PM - 2:15 PM,T,"Burden, Daniel L.",MEY 304,95,
80861,CHEM,462,0,A,Advanced Biochemistry,2,2:15 PM - 3:25 PM,M W F,"Eggimann, Becky L.",MEY 304,,
80862,CHEM,494,0,,Chemistry In Context,2,8:30 AM - 10:20 AM,R,"Eggimann, Becky L.",MEY 302,,
80863,CHEM,495,0,,Independent Research,2 OR 4,TBA,,STAFF,,95,
80864,CHEM,496,0,,Internship,1 TO 4,TBA,,STAFF,,,
80868,PSYC,698,0,,Master's Thesis,4,TBA,,STAFF,,,
80869,PSYC,699,1,,Master's Thesis Continuation,0,TBA,,STAFF,,50,
80870,PSYC,714,0,,Professional Dev't & Ethics I,3,12:30 PM - 3:20 PM,M,"Pyykkonen, Benjamin A.",BGC 254,,
80871,PSYC,717,0,,CGRRSI,3,8:30 AM - 11:20 AM,M,"Barnes, Ozella R.",BGC 254,,
80872,PSYC,731,0,,Spirituality I,1,2:30 PM - 3:20 PM,W,"McRay, Barrett W.",BGC 255,,
80875,PSYC,743,0,,Psych Assessment I,3,11:30 AM - 2:20 PM,W,"Davis, Edward B.",BGC M209,,
80877,PSYC,753,0,,Psychopathology,3,8:20 AM - 11:10 AM,M,"McConnell, John M.",BGC M229,,
80879,PSYC,796,0,,"Practica I, II, III, IV",2,TBA,,"Voytenko, Vitaliy L.",,,
80883,PSYC,761,4,,Research Lab I-Neurcognitive,1,3:15 PM - 4:45 PM,T,"Pyykkonen, Benjamin A.",BGC 130,,
80896,PSYC,833,0,,Couple Therapy,3,8:20 AM - 11:10 AM,T,STAFF,BGC M228,,
80897,PSYC,843,0,,Neuropsychological Assessment,3,8:20 AM - 11:10 AM,T,"Pyykkonen, Benjamin A.",BGC M229,,
80898,PSYC,844,0,,Child Psychological Assessment,3,8:20 AM - 11:10 AM,T,"Kruse, Sandra",BGC 254,,
80899,PSYC,845,0,,Child & Adol Interventions,3,8:20 AM - 11:10 AM,T,"Canning, Sally S.",MEY 131,,
80901,PSYC,891,1,,Advanced Clerkship,0,8:30 AM - 10:00 AM,M,"Voytenko, Vitaliy L.",BGC M209,,
80902,PSYC,891,2,,Advanced Clerkship,0,8:30 AM - 10:00 AM,M,"Roth, Alana M.",BGC 002,,
80903,PSYC,892,1,,Advanced Clerkship II,0,8:30 AM - 10:00 AM,M,"Voytenko, Vitaliy L.",BGC M209,,
80904,PSYC,892,2,,Advanced Clerkship II,0,8:30 AM - 10:00 AM,M,"Roth, Alana M.",BGC 002,,
80905,PSYC,894,1,,Clerkship:Adv Psythpy,0,8:30 AM - 10:00 AM,M,"Voytenko, Vitaliy L.",BGC M209,,
80906,PSYC,894,2,,Clerkship,0,8:30 AM - 10:00 AM,M,"Roth, Alana M.",BGC 002,,
80907,PSYC,895,1,,Independent Study,1 TO 4,TBA,,STAFF,,,
80908,PSYC,896,0,,Clinical Internship,0,TBA,,STAFF,,,
80909,PSYC,898,0,,Clinical Dissertation,1 TO 4,TBA,,STAFF,,,
80910,PSYC,898,0,,Clinical Dissertation,1 TO 4,TBA,,STAFF,,,
80912,PSYC,899,0,,Dissertation Continuation,0,TBA,,STAFF,,50,
80914,INTR,514,0,,Spiritual & Profess Formation,4,8:30 AM - 5:30 PM,WR,"Gallagher, Robert L.",BGC 309,,
80915,INTR,532,0,,Contextualization,4,8:30 AM - 5:30 PM,WR,"Moreau, A. Scott",,,
80917,INTR,561,1,,Intercultural Communication,4,8:30 AM - 5:30 PM,M    S,"Gallagher, Robert L.",,,
80921,INTR,581,0,,Latin American Culture & Civ,4,11:35 AM - 12:45 PM,M W F,"Klingler, Timothy M.",ARM 120,,
80922,INTR,611,0,,TESL/TEFL Methodology,4,6:30 PM - 8:20 PM,T R,"Pierson, Cheri L.",BGC 255,,
80923,INTR,612,OL,,Descriptive English Grammar,4,TBA,,"Seaman, Alan A.",,,
80924,INTR,612,0,,Descriptive English Grammar,4,4:00 PM - 5:45 PM,M  R,"Seaman, Alan A.",BGC 138,,
80925,INTR,615,OL,A,Teaching Reading/Composition,2,TBA,,"Barger, R. Pam",,,
80926,INTR,615,0,A,Teaching Reading/Composition,2,6:30 PM - 10:00 PM,W,"Barger, R. Pam",BGC 136,,
80930,INTR,692,0,,Comprehensive Examination,0,TBA,,"Seaman, Alan A.",,75,
80931,INTR,695,0,,Independent Study,1 TO 4,TBA,,STAFF,,,
80932,INTR,696,0,,Internship,2 OR 4,TBA,,STAFF,,,
80933,INTR,698,0,,Thesis/Applied Thesis,4,TBA,,STAFF,,,
80934,INTR,699,0,,Thesis/Applied Thesis Contin,0,TBA,,STAFF,,50,
80935,LING,224,0,,Theoretical Found ELL Method,4,9:20 AM - 10:30 AM,M W F,"Vroom Fick, Sara J.",BLANCH 472,,DUS
80937,LING,323L,0,,Bilingual Practicum,1,TBA,,"Vroom Fick, Sara J.",,,
80938,LING,325,0,A,Prin of Assessment for TESOL,2,8:30 AM - 10:20 AM,T R,"Seaman, Alan A.",BGC 140,,
80939,LING,328,0,B,ELL Methods for Specialists,2,6:30 PM - 10:00 PM,R,"Root, Claudia A.",BGC 138,,
80940,LING,328L,0,,ELL Practicum,1,TBA,,"Vroom Fick, Sara J.",,,
80943,URBN,296,0,,Urban Studies Practicum,2 OR 4,TBA,,"Anderson, Jordan",,,
80944,URBN,371,0,,"Race, Poverty, Reconciliation",4,TBA,R,"Sutter, Arloa B.",,,
80945,URBN,490,0,,Internship-Pending,4 TO 8,TBA,,"Anderson, Jordan",,,
80946,URBN,495,0,,Independent Study,2 TO 4,TBA,,STAFF,,,
80950,MUEP,213,0,,Women's Chorale,0,4:30 PM - 6:00 PM,M W,"Hopper, Mary",,180,
80952,EVAN,695,0,,Independent Study,1 TO 4,TBA,,STAFF,,,
80953,EVAN,696,0,,Internship,2 OR 4,TBA,,STAFF,,,
80954,EVAN,698,0,,Thesis/Applied Thesis,2 OR 4,TBA,,STAFF,,,
80955,EVAN,699,0,,Thesis/Applied Thesis Contin,0,TBA,,STAFF,,50,
80956,MUEP,214,0,,Men's Glee Club,0,4:30 PM - 6:00 PM,T R,"Hopper, Mary",,180,
80958,MUEP,215,0,,Concert Choir,0,2:15 PM - 3:45 PM,M W F,"Trotter, John W.",,180,
80959,MISS,692,0,,Comprehensive Exam,0,TBA,,"Richardson, Richard C.",,75,
80960,EVAN,692,0,,Comprehensive Exam,0,TBA,,"Richardson, Richard C.",,75,
80961,MUEP,216,0,,Symphonic Band,0,3:45 PM - 5:15 PM,M W,STAFF,EDMAN 102,180,
80962,MUEP,217,1,,Symphony Orchestra:Strings,0,4:15 PM - 6:15 PM,T R,"Sommerville, Daniel A.",EDMAN 102,180,
80962,MUEP,217,1,,Symphony Orchestra:Strings,0,5:00 PM - 6:15 PM,M,"Sommerville, Daniel A.",EDMAN 102,180,
80963,MSCI,101,0,,Intro to Army/Crit Think,2,6:30 PM - 9:45 PM,R,Frye & Olson,MEY 133,,
80964,MSCI,123,0,,Leadership Laboratory,0,3:45 PM - 5:45 PM,R,"Olson, Aaron M.",,,
80965,MSCI,201,0,,Leadership and Decision Making,2,6:30 PM - 9:45 PM,R,"Albuck, Troy J.",JENKS 205,,
80966,MSCI,211,0,,American Military History,2,8:30 AM - 10:20 AM,T,"Albuck, Troy J.",JENKS 205,,
80967,MSCI,301,0,,Training Mgmt,4,6:30 PM - 10:00 PM,R,"Frye, Joshua K.",MSC 304,,
80968,MSCI,401,0,,The Army Officer,4,6:30 PM - 10:00 PM,R,Kurczak & Cartagena,MSC 302,,
80969,MUEP,217,2,,Symph Orch Winds-Percussion,0,4:15 PM - 6:15 PM,T R,"Sommerville, Daniel A.",EDMAN 102,180,
80969,MUEP,217,2,,Symph Orch Winds-Percussion,0,5:30 PM - 6:15 PM,W,"Sommerville, Daniel A.",EDMAN 102,180,
80970,MUEP,218,0,,Jazz Ensemble,0,7:00 PM - 8:20 PM,T R,"Ernst, Kathryn A.",EDMAN 102,180,
80971,MUEP,219,1,,Recital & Concert Attendance,0,1:15 PM - 2:05 PM,R,"Zimmerman, Edward",ARM 132,,
80972,MUEP,219,2,,Recital & Concert Attendance,0,TBA,,"Zimmerman, Edward",,,
80973,MUEP,311,0,,Studio Accompaniment,1 TO 2,TBA,,"Horn, Daniel P.",,48,
80974,MUEP,321,0,,Recital Accompaniment,1 TO 2,TBA,,"Horn, Daniel P.",,48,
80975,MUEP,357,0,,Opera Mainstage,2,11:15 AM - 1:05 PM,T R,"Hart, Carolyn A.",ARM 046,365,
80975,MUEP,357,0,,Opera Mainstage,2,4:00 PM - 5:30 PM,F,"Hart, Carolyn A.",ARM 046,365,
80977,MUEP,358,2,,Jazz Combo II,1,7:30 PM - 8:30 PM,W,"Davis, James C.",EDMAN 102,180,
80978,MUEP,371,42,,Chamber Music: Guitar,0 TO 1,TBA,,"Altino, Leonardo G.",,180,
80979,MUEP,371,1,,Chamber Music: String,0 TO 1,TBA,,"Altino, Leonardo G.",,180,
80980,MUEP,371,2,,Chamber Music: Piano,0 TO 1,TBA,,"Altino, Leonardo G.",,180,
80981,MUEP,371,3,,Chamber Music: Winds,0 TO 1,TBA,,"Altino, Leonardo G.",,180,
80982,MUEP,371,4,,Chamber Music: Brass,0 TO 1,TBA,,"Altino, Leonardo G.",,180,
80983,MUEP,371,5,,Percussion Ensemble,0 TO 1,3:15 PM - 4:05 PM,T,"Kastner, Kathleen S.",EDMAN 101,180,
80983,MUEP,371,5,,Percussion Ensemble,0 TO 1,3:35 PM - 4:35 PM,F,"Kastner, Kathleen S.",EDMAN 101,180,
80983,MUEP,371,5,,Percussion Ensemble,0 TO 1,6:15 PM - 7:30 PM,M,"Kastner, Kathleen S.",EDMAN 101,180,
80984,MUEP,371,6,,Piano Ensemble,0 TO 1,2:15 PM - 3:05 PM,T R,"Edwards, Karin R.",PIERCE CHAP,180,
80985,MUEP,371,7,,Mixed Ensemble,0 TO 1,TBA,,"Altino, Leonardo G.",,180,
80986,MUIP,101,1,,Private Lessons: Piano,2,TBA,,"Horn, Daniel P.",,512,
80987,MUIP,101,2,,Private Lessons: Jazz Piano,2,TBA,,Williams & Horn,,512,
80988,MUIP,102,1,,Private Lessons: Organ,2,TBA,,"Zimmerman, Edward",,512,
80989,MUIP,103,1,,Private Lessons: Harpsichord,2,TBA,,"Zimmerman, Edward",,512,
80990,MUIP,104,1,,Private Lessons: Voice,2,TBA,,"Hart, Carolyn A.",,512,
80991,MUIP,104,2,,Private Lessons: Jazz Voice,2,TBA,,Williams & Hart,,512,
80992,MUIP,105,1,,Private Lessons: Violin,2,TBA,,"Joiner, Lee D.",,512,
80993,MUIP,106,1,,Private Lessons: Viola,2,TBA,,"Griffin, Rose A.",,512,
80994,MUIP,107,1,,Private Lessons: Cello,2,TBA,,"Altino, Leonardo G.",,512,
80995,MUIP,108,1,,Private Lessons: String Bass,2,TBA,,Anderson & Joiner,,512,
80996,MUIP,108,2,,Private Lessons:Str Bass Jazz,2,TBA,,Ernst & Joiner,,512,
80997,MUIP,109,1,,Private Lessons: Trumpet,2,TBA,,Ridenour & Saylor,,512,
80998,MUIP,109,2,,Private Lessons: Jazz Trumpet,2,TBA,,Davis & Saylor,,512,
80999,MUIP,110,1,,Private Lessons:  Horn,2,TBA,,Cottle & Saylor,,512,
81000,MUIP,111,1,,Private Lessons: Trombone,2,TBA,,Davis & Saylor,,512,
81001,MUIP,112,1,,Private Lessons: Euphonium,2,TBA,,"Saylor, L. Jonathan",,512,
81002,MUIP,113,1,,Private Lessons: Tuba,2,TBA,,Harrison & Saylor,,512,
81003,MUIP,114,1,,Private Lessons:  Flute,2,TBA,,Brown & Saylor,,512,
81004,MUIP,115,1,,Private Lessons: Clarinet,2,TBA,,O'Riordan & Saylor,,512,
81005,MUIP,116,1,,Private Lessons: Oboe,2,TBA,,Stevenson & Saylor,,512,
81006,MUIP,117,1,,Private Lessons: Bassoon,2,TBA,,"Saylor, L. Jonathan",,512,
81007,MUIP,118,1,,Private Lessons: Saxophone,2,TBA,,Bazan & Saylor,,512,
81008,MUIP,119,1,,Private Lessons: Harp,2,TBA,,Seeman & Joiner,,512,
81009,MUIP,120,1,,Private Lessons: Percussion,2,TBA,,"Kastner, Kathleen S.",,512,
81010,MUIP,120,2,,Private Lessons: Jazz Drum,2,TBA,,Gillan & Kastner,,512,
81011,MUIP,121,1,,Priv Lessons: Classical Guitar,2,TBA,,Torosian & Joiner,,512,
81012,MUIP,122,1,,Private Lessons: Guitar,2,TBA,,Ramsdell & Joiner,,512,
81014,MUIP,141,0,,Small Group Voice Lessons,1,TBA,,Gamez & Hart,,245,
81015,MUIP,150,0,,Small Grp Jazz Trumpet Lessons,1,TBA,,Davis & Saylor,,245,
81016,MUIP,201,1,,Private Lessons: Piano,2 TO 4,TBA,,"Horn, Daniel P.",,770,
81017,CORE,101,32,,FYS-Sexuality & Identity,4,8:30 AM - 10:20 AM,T R,"Jones, Stanton L.",BGC 253,,
81018,MUIP,201,2,,Private Lessons: Jazz Piano,2 TO 4,TBA,,Williams & Horn,,770,
81019,CORE,101,33,,FYS-Sexuality & Identity,4,11:15 AM - 1:05 PM,T R,"Jones, Stanton L.",BGC M228,,
81020,CORE,101,34,,FYS-Modern American Families,4,11:15 AM - 1:05 PM,T R,"Miglio, Sarah B.",BLANCH 222,,
81022,MUIP,202,1,,Private Lessons: Organ,2 TO 4,TBA,,"Zimmerman, Edward",,770,
81023,MUIP,203,1,,Private Lessons: Harpsichord,2 TO 4,TBA,,"Zimmerman, Edward",,770,
81024,MUIP,204,1,,Private Lessons: Voice,2 TO 4,TBA,,"Hart, Carolyn A.",,770,
81025,MUIP,204,2,,Private Lessons: Jazz Voice,2 TO 4,TBA,,Williams & Hart,,770,
81026,MUIP,205,1,,Private Lessons: Violin,2 TO 4,TBA,,"Joiner, Lee D.",,770,
81027,MUIP,206,1,,Private Lessons: Viola,2 TO 4,TBA,,Griffin & Joiner,,770,
81029,MUIP,208,1,,Private Lessons: String Bass,2 TO 4,TBA,,Anderson & Joiner,,770,
81030,MUIP,208,2,,Private Lessons: Str Bass Jazz,2 TO 4,TBA,,Ernst & Joiner,,770,
81031,MUIP,209,1,,Private Lessons: Trumpet,2 TO 4,TBA,,Ridenour & Saylor,,770,
81032,MUIP,209,2,,Private Lessons: Jazz Trumpet,2 TO 4,TBA,,Davis & Saylor,,770,
81033,HNGR,114,0,,"Poverty, Justice & TransformFreshmen & Sophomores only.",4,11:15 AM - 1:05 PM,T R,"Huff, James G.",MEY 145,,"GP, SI"
81034,MUIP,210,1,,Private Lessons: French Horn,2 TO 4,TBA,,Cottle & Saylor,,770,
81035,HNGR,484,0,,Global Christian Perspective,4,TBA,,"Yoder, Laura S.",,,
81036,MUIP,211,1,,Private Lessons: Trombone,2 TO 4,TBA,,Davis & Saylor,,770,
81037,HNGR,495,0,,Independent Study,2 TO 4,TBA,,STAFF,,,
81038,HNGR,496,0,,Intrnshp In Devlpmnt,4 TO 8,TBA,,"Huff, James G.",,,
81039,MUIP,212,1,,Private Lessons: Euphonium,2 TO 4,TBA,,"Saylor, L. Jonathan",,770,
81040,MUIP,213,1,,Private Lessons: Tuba,2 TO 4,TBA,,Harrison & Saylor,,770,
81041,MUIP,214,1,,Private Lessons: Flute,2 TO 4,TBA,,Brown & Saylor,,770,
81042,MUIP,215,1,,Private Lessons: Clarinet,2 TO 4,TBA,,O'Riordan & Saylor,,770,
81043,MUIP,216,1,,Private Lessons: Oboe,2 TO 4,TBA,,Stevenson & Saylor,,770,
81044,MUIP,217,1,,Private Lessons: Bassoon,2 TO 4,TBA,,"Saylor, L. Jonathan",,770,
81045,MUIP,218,1,,Private Lessons: Saxophone,2 TO 4,TBA,,Bazan & Saylor,,770,
81046,MUIP,219,1,,Private Lessons: Harp,2 TO 4,TBA,,Seeman & Joiner,,770,
81047,MUIP,220,1,,Private Lessons: Percussion,2 TO 4,TBA,,"Kastner, Kathleen S.",,770,
81048,MUIP,221,1,,Priv Lessons: Classical Guitar,2 TO 4,TBA,,Torosian & Joiner,,770,
81049,MUIP,222,1,,Private Lessons: Guitar,2 TO 4,TBA,,Ramsdell & Joiner,,770,
81050,MUIP,223,0,,Class Piano I,2,11:35 AM - 12:45 PM,M W,"Stampfl, Aaron J.",ARM 124,365,
81051,MUIP,225,0,,Class Piano III,2,2:15 PM - 3:05 PM,T R,"Stampfl, Aaron J.",ARM 124,365,
81052,MUIP,227,0,,Class Piano-Level V,2,11:15 AM - 12:05 PM,T R,"Stampfl, Aaron J.",ARM 124,365,
81053,MUIP,232,1,,Collaborative Vocal Coaching,2,TBA,,"Gemmill, Matthew D.",,512,
81054,MUIP,328,0,,Organ Improvisation,2,TBA,,"Zimmerman, Edward",,512,
81055,MUIP,394,1,,Junior Recital,0,TBA,,"Hopper, Mary",,,
81056,MUIP,401,1,,Private Lessons: Piano,2 TO 4,TBA,,"Horn, Daniel P.",,770,
81057,MUIP,402,1,,Private Lessons: Organ,2 TO 4,TBA,,"Zimmerman, Edward",,770,
81059,MUIP,404,1,,Private Lessons: Voice,2 TO 4,TBA,,"Hart, Carolyn A.",,770,
81060,MUIP,405,1,,Private Lessons: Violin,2 TO 4,TBA,,"Joiner, Lee D.",,770,
81061,MUIP,406,1,,Private Lessons: Viola,2 TO 4,TBA,,Griffin & Joiner,,770,
81062,MUIP,407,1,,Private Lessons: Cello,2 TO 4,TBA,,Altino & Joiner,,770,
81063,MUIP,408,1,,Private Lessons: String Bass,2 TO 4,TBA,,Anderson & Joiner,,770,
81064,MUIP,409,1,,Private Lessons: Trumpet,2 TO 4,TBA,,Ridenour & Saylor,,770,
81065,MUIP,410,1,,Private Lessons: Horn,2 TO 4,TBA,,Cottle & Saylor,,770,
81066,MUIP,411,1,,Private Lessons: Trombone,2 TO 4,TBA,,Davis & Saylor,,770,
81067,MUIP,412,1,,Private Lessons: Euphonium,2 TO 4,TBA,,"Saylor, L. Jonathan",,770,
81068,MUIP,413,1,,Private Lessons: Tuba,2 TO 4,TBA,,Harrison & Saylor,,770,
81069,IDS,291,0,,Intro to IDS,2,7:00 PM - 9:00 PM,W,"Bishop, Robert C.",MEY 355,,
81070,IDS,495,0,,Independent Study,2,TBA,,STAFF,,,
81071,IDS,496,0,,Internship,4 OR 8,TBA,,STAFF,,,
81072,MUIP,414,1,,Private Lessons: Flute,2 TO 4,TBA,,Brown & Saylor,,770,
81073,MUIP,415,1,,Private Lessons: Clarinet,2 TO 4,TBA,,O'Riordan & Saylor,,770,
81074,MUIP,416,1,,Private Lessons: Oboe,2 TO 4,TBA,,Stevenson & Saylor,,770,
81075,MUIP,417,1,,Private Lessons: Bassoon,2 TO 4,TBA,,"Saylor, L. Jonathan",,770,
81076,MUIP,418,1,,Private Lessons: Saxophone,2 TO 4,TBA,,Bazan & Saylor,,770,
81077,MUIP,419,1,,Private Lessons: Harp,2 TO 4,TBA,,Seeman & Joiner,,770,
81078,MUIP,420,1,,Private Lessons: Percussion,2 TO 4,TBA,,"Kastner, Kathleen S.",,770,
81079,MUIP,421,1,,Priv Lessons: Classical Guitar,2 TO 4,TBA,,Torosian & Joiner,,770,
81080,MUIP,422,1,,Private Lessons: Guitar,2 TO 4,TBA,,Ramsdell & Joiner,,770,
81081,MUIP,492,1,,Half Senior Recital,0,TBA,,"Hopper, Mary",,,
81082,MUIP,494,1,,Full Senior Recital,0,TBA,,"Hopper, Mary",,,
81090,SCI,325,0,,Middle School Science Methods,2,2:15 PM - 4:15 PM,W,"Leong, Elizabeth A.",MEY 205,20,
81099,COMM,101,8,B,Public Speaking,2,8:30 AM - 10:20 AM,T R,"Liu, Esther H.",BGC 011,,COMP
81100,COMM,101,9,A,Public Speaking,2,11:15 AM - 1:05 PM,T R,"Robbins, Kelley K.",BGC 011,,COMP
81101,COMM,101,10,B,Public Speaking,2,11:15 AM - 1:05 PM,T R,"Robbins, Kelley K.",BGC 011,,COMP
81102,COMM,101,11,A,Public Speaking,2,1:15 PM - 3:05 PM,T R,"Robbins, Kelley K.",BGC 011,,COMP
81103,COMM,101,12,B,Public Speaking,2,1:15 PM - 3:05 PM,T R,"Robbins, Kelley K.",BGC 011,,COMP
81105,COMM,367,0,A,Reconciliation & Conflict Res,2,11:15 AM - 1:05 PM,T R,"Liu, Esther H.",BGC 263,,
81106,URBN,114,0,,Social Life of Cities,4,11:15 AM - 1:05 PM,T R,"Tooley, Christa B.",BLANCH 339,,"GP, SI"
81108,PHIL,244,0,B,Symbolic Logic,2,9:20 AM - 10:30 AM,M W F,"O'Connor, Robert C.",BLANCH 139,,
81109,CFM,661,0,,Foundations of Experiential Ed,4,10:00 AM - 12:00 PM,T,"Karianjahi, Muhia M.",,,
81110,CFM,696,0,,Internship,2 TO 4,TBA,,"Haase, Daniel T.",,,
81194,PHIL,101,6,,Introduction to Philosophy,4,11:35 AM - 12:45 PM,M W F,"Fletcher, David B.",BLANCH 125,,PI
81195,PHIL,101,7,,Introduction to Philosophy,4,1:15 PM - 3:05 PM,T R,"Talbot, Mark R.",BLANCH 125,,PI
81231,PSYC,761,8,,Research Lab I-Mult Peace/Just,1,3:15 PM - 4:45 PM,T,"McConnell, John M.",BGC 138,,
81232,MUCS,103,2,B,Intro To Music:20C/World,2,8:30 AM - 10:20 AM,T R,"Buis, Johann S.",ARM 252,,VPAM
81241,PSYC,999,0,,Disseration Continuation-PT,0,TBA,,STAFF,,50,
81247,MAFT,696,4,,Clinical Pre-Practicum I,1,9:10 AM - 10:10 AM,W,"Yoo, Hana",BGC M231,,
81267,PHYS,499,0,,Honors Thesis,2 TO 4,TBA,,"Craig, Darren J.",,,
81311,INTR,567,1D,,Spiritual Conflict,2,TBA,,"Moreau, A. Scott",,,
81322,PSCI,201,0,,U.S. Education Policy,4,8:30 AM - 10:20 AM,T R,"Eckert, Jonathan M.",BLANCH 472,,SI
81332,COMM,302,0,,Rhetorical Theory,4,9:20 AM - 10:30 AM,M W F,"Chase, Kenneth R.",BGC 010,,
81333,C E,115,0,,Intro to Christian Formation,4,8:30 AM - 10:20 AM,T R,"McRay, Barrett W.",BGC 012,,
81336,C E,339,0,,Compassion & Crisis Ministry,4,11:15 AM - 1:05 PM,T R,"McRay, Barrett W.",BGC 130,,
81338,C E,251,0,,Ministry Practicum,0,TBA,,"Haase, Daniel T.",,,
81342,PSYC,481,3,,Psych of Religion,2,1:15 PM - 3:05 PM,T,"Butman, Richard E.",BGC M228,,
81343,GEL,211,0,,Vocation Practicum,2 TO 4,7:00 PM - 9:00 PM,M,"Haase, Daniel T.",,,
81346,PHIL,217,0,,Philosophy of Art,4,6:30 PM - 10:00 PM,T,"McNutt, David W.",BLANCH 125,,"PI, VPAV"
81352,PHIL,494,0,,Revisiting the Good Life,2,7:00 PM - 8:50 PM,M,"Wood, Adam N.",BLANCH 124,,
81355,SOC,385,0,,Social Change,4,11:35 AM - 12:45 PM,M W F,"Reynolds, Amy M.",BLANCH 139,,"GP, SI"
81356,CORE,101,37,,FYS: Diversities in Good Life,4,6:30 PM - 10:00 PM,R,"Kim, Hanmee N.",BLANCH 223,,
81357,HIST,103,1,,EAP:Health & Medicine/US Hist,4,2:15 PM - 3:25 PM,M W F,"Riddle, Jonathan D.",BLANCH 324,,"DUS, HP"
81363,HIST,483,0,,Christianity In North America,4,9:20 AM - 10:30 AM,M W F,"Riddle, Jonathan D.",BLANCH 223,,
81365,B EC,321,2,,Statistics,4,1:15 PM - 3:05 PM,T R,"Makaudze, Ephias M.",MSC 302,,
81366,B EC,382,2,A,Customer Relationship Mgt,2,6:30 PM - 10:00 PM,W,"Petricca, Paul F.",MSC 124,25,
81368,B EC,377,0,,Marketing & Supply Chain Strat,4,11:35 AM - 12:45 PM,M W F,"Stolze, Hannah J.",MSC 204,,
81369,ECON,492,1,,Senior Legacy Capstone,2,1:15 PM - 3:05 PM,T,"Forsstrom, Matthew P.",MSC 304,,
81371,ART,312,0,,Film & Darkroom Photography,3,1:15 PM - 4:15 PM,T R,"Schreck, Gregory H.",ADAMS 207,,
81372,ART,326,0,,Digital Filmmaking I,3,1:15 PM - 4:15 PM,T R,"Park, Joonhee",ADAMS 311,,
81373,ART,332,0,,Graphic Design II,3,12:55 PM - 3:55 PM,M W,"Botts, Jeremy G.",ADAMS 106,,
81375,ASTR,305,0,,Astronomy,4,9:20 AM - 10:30 AM,M W F,"Blaauw, Rhiannon C.",MEY 335,,SIP
81378,SCI,301,0,,Natural Science: Foundations,4,11:35 AM - 12:45 PM,M W F,"Bishop, Robert C.",MEY 302,,"PI, SIP"
81379,URBN,233,0,,Chicago,4,6:30 PM - 10:00 PM,M,"Young, Sean",,,"DUS, SI"
81380,CMHC,631,0,,Lifespan Development,3,12:55 PM - 3:45 PM,W,"Brown, Eric M.",BGC 252,,
81381,MAFT,624,0,,MFT Ethics & Prac,3,1:10 PM - 4:00 PM,R,"Johnson, Jacob A.",BGC M229,,
81382,PSYC,512,0,,Theories/Principles of Counsel,3,2:05 PM - 4:55 PM,F,"Wildt, Hillary A.",BGC 252,,
81384,PSYC,761,9,,Research Lab I-Religion/Health,1,3:15 PM - 4:45 PM,T,"Voytenko, Vitaliy L.",BGC 250,,
81393,SPAN,493,2,,Mentor: Hispanic Film Studies,4,11:15 AM - 1:05 PM,T R,"Kepner, Christine G.",WYN 302,,
81394,CHEM,241,0,,Princ Organic Chem,4,2:15 PM - 3:25 PM,M W F,"Umesiri, Francis E.",MEY 302,,
81395,CHEM,241L,0,,Princ Org Lab,0,1:15 PM - 4:05 PM,R,"Umesiri, Francis E.",MEY 305,95,
81397,BITH,211,8,,OT Lit & Interpretation,4,12:55 PM - 2:05 PM,M W F,"Buster, Aubrey E.",BGC 138,,SHAR
81399,BITH,315,9,,Christian Thought,4,12:55 PM - 2:05 PM,M W F,"Bruce, Matthew J.",BGC 132,,SHAR
81402,BITH,345,0,B,Life of David,2,6:30 PM - 10:00 PM,T,"Hill, Andrew E.",BGC 252,,
81408,BITH,443,2,A,Hebrew Exegesis: Amos,2,8:30 AM - 10:20 AM,T R,"Carroll, Mark D.",BGC 255,,
81412,CORE,101,39,,FYS: How Should We Face Death?,4,2:15 PM - 3:25 PM,M W F,"Johnson, Keith L.",BGC 534,,
81413,CORE,324,0,,AIS:Theol/Lit of Black Body,4,8:30 AM - 10:20 AM,T R,Jones & Kriner,BGC 134,,"DUS, LE"
81415,BITH,508,0,,Intro to Hebrew Exegesis,4,9:20 AM - 10:30 AM,M W F,"Walton, John H.",BGC 524,,
81416,BITH,509,0,,Intro to Greek Exegesis,4,8:30 AM - 10:20 AM,T R,"Moo, Douglas J.",BGC 532,,
81420,BITH,636,1,A,Hebrew Exegesis: Amos,2,8:30 AM - 10:20 AM,T R,"Carroll, Mark D.",BGC 255,,
81421,BITH,638,0,,OT Theology,4,6:30 PM - 10:00 PM,M,"Schultz, Richard L.",BGC 532,,
81437,PACS,496,0,,Internship,4,TBA,,"McGraw, Bryan T.",,,
81443,ENVR,395,0,,Independent Study-Envr Science,2 TO 4,TBA,,STAFF,,25,
81446,ENGL,336,0,,English Renaissance,4,2:15 PM - 3:25 PM,M W F,"Weber, Benjamin D.",BLANCH 322,,
81450,ENGW,103,9,,Composition and Research,4,9:20 AM - 10:30 AM,M W F,"Martindale, H. Wayne",BLANCH 124,,COMP
81451,ENGW,104,1,A,Composition and Research,2,11:15 AM - 1:05 PM,T R,"Lapeyre, Christopher A.",JENKS 204,,COMP
81457,CORE,101,41,,"FYS:How Do We Love ""the Other""",4,11:15 AM - 1:05 PM,T R,"Nonaka, Miho",MSC 204,,
81464,MATH,106,0,,Math for Mission & Society,4,1:15 PM - 3:05 PM,T R,"Isihara, Paul",MEY 143,,AAQR
81465,MATH,263,0,,Introduction to Statistics,4,9:20 AM - 10:30 AM,M W F,"Delzell, Darcie A.",MEY 184,,AAQR
81466,MATH,314,0,,Problem Solving Seminar,2,8:30 AM - 10:20 AM,T,"Lovett, Stephen T.",MEY 184,,
81467,MATH,363,0,,Probability & Stats I,4,1:15 PM - 3:05 PM,T R,"Delzell, Darcie A.",MEY 184,,
81468,MATH,493,0,,Mentored Research Seminar,4,8:30 AM - 10:30 AM,R,"Delzell, Darcie A.",MEY 181,,
81469,INTR,587,0,,Modern East Asia,4,11:35 AM - 12:45 PM,M W F,"Kim, Hanmee N.",BLANCH 223,,
81470,INTR,606,OL,A,English Grammar: Foundations,2,TBA,,"Seaman, Alan A.",,,
81472,INTR,619,OL,B,Teaching ESL Speaking & Listen,2,TBA,,"Seaman, Alan A.",,,
81474,INTR,643,0,B,ELL Methods for Specialists,2,6:30 PM - 10:00 PM,R,"Root, Claudia A.",BGC 138,,
81481,MUIP,131,1,,Small Group Piano Lessons,1,7:00 PM - 8:00 PM,M,Hollinger & Horn,ARM 124,245,
81482,MUIP,131,2,,Small Group Piano Lessons,1,8:05 PM - 9:05 PM,M,Hollinger & Horn,ARM 124,245,
81483,MUMS,101,0,B,Music Performance Seminar,1,9:20 AM - 10:30 AM,M W,"Altino, Leonardo G.",ARM 252,,VPAM
81487,MUTC,101,1,A,Intro to Music: Read/Analysis,2,9:20 AM - 10:30 AM,M W F,"Clark, Micah S.",ARM 266,,VPAM
81488,MUTC,101,2,B,Intro to Music: Read/Analysis,2,9:20 AM - 10:30 AM,M W F,"Clark, Micah S.",ARM 266,,VPAM
81489,AHS,108,0,,Rock Climbing,1,TBA,MTW  S,"Zeigle, Bryce C.",,200,
81494,ART,316,0,,Ceramics I,3,1:15 PM - 4:15 PM,T R,"Hooker, David J.",ADAMS 006,,
81496,ART,425,0,,Advanced Studio,3,6:00 PM - 9:00 PM,M W,"Lundin, Cherith",,,
81497,COMM,171,0,A,"Intro to ActingFreshmen & Sophomores only",2,8:30 AM - 10:20 AM,T R,"Mangin, Andrew P.",JENKS STZN,,VPAT
81499,EDUC,527L,0,,Second/Mid Educ Prac,0,TBA,,"Lederhouse, Jillian N.",,,
81500,PSYC,732,0,,Spirituality II,1,9:30 AM - 10:20 AM,W,"McRay, Barrett W.",BGC 254,,
81504,IR,155,2,,Comparative Politics,4,2:15 PM - 3:25 PM,M W F,"Taylor, Timothy W.",MSC 202,,"GP, SI"
81506,CHEM,321,0,,Pseudoscience & Faith,4,12:55 PM - 2:05 PM,M W F,"Walhout, Peter K.",MEY 302,,SIP
81507,ART,492,0,,Comm Art Capstone/Internship,3,TBA,,"Brown, Kristen L.",,,
81509,GEL,231,0,B,Orientation to Study Abroad,2,4:00 PM - 6:00 PM,R,Klingler & Wood,MSC 120,,GPA
81512,BITH,443,0,,Hebrew Exegesis: Isaiah,4,11:15 AM - 1:05 PM,T R,"Schultz, Richard L.",BGC 255,,
81542,BITH,449,0,,OT Theology,4,6:30 PM - 10:00 PM,M,"Schultz, Richard L.",BGC 532,,
81546,PSYC,763,4,,Research Lb III-Neurocognitive,1,3:15 PM - 4:45 PM,T,"Pyykkonen, Benjamin A.",BGC 130,,
81547,PSYC,763,6,,Research Lb III-Urban Cmty,1,3:15 PM - 4:45 PM,T,"Canning, Sally S.",BGC 134,,
81548,PSYC,763,8,,Research Lb III-Mul Peace/Jus,1,3:15 PM - 4:45 PM,T,"McConnell, John M.",BGC 138,,
81549,PSYC,763,9,,Research Lab III-Religion/Heal,1,3:15 PM - 4:45 PM,T,"Voytenko, Vitaliy L.",BGC 250,,
81560,CMHC,696,4,,Graduate Internship,3 OR 6,3:30 PM - 5:00 PM,M,"Brown, Eric M.",BGC M209,,
81563,AHS,148,0,A,Backpacking & Orienteering,1,TBA,,STAFF,,340,
81594,C E,226,0,,Christian Spiritual Practices,4,11:15 AM - 1:05 PM,T R,"Schwanda, Tom",BGC 253,,
81607,BITH,541,1,A,Old Testament Criticism,2,6:30 PM - 10:00 PM,W,"Hill, Andrew E.",BGC 532,,
81630,SCI,200,0,,Intro to Health Prfessions,2,1:15 PM - 3:05 PM,T,"Eisenhauer, Candice L.",SCI 131,,
81644,B EC,320,0,,Faith & Market Mentorship,2,6:00 PM - 8:00 PM,M,"Iglesias, David C.",MSC 304,,
81645,B EC,380,0,,Comm Econ Dev't & Enterprise,4,TBA,,STAFF,,,
81646,ECON,211,5,,Principles of Microeconomics,4,8:00 AM - 9:10 AM,M W F,"Forsstrom, Matthew P.",MSC 103,,SI
81648,URBN,380,0,,Comm Econ Dev't & Enterprise,4,TBA,,STAFF,,,
81649,GEL,232,0,A,Re-Entry Seminar,2,3:15 PM - 6:45 PM,T,"Klingler, Timothy M.",MSC 122,,GPB
81650,AHS,351L,3,,Functional Human Anat Lab,0,1:15 PM - 4:05 PM,T,"Townsend, Dana K.",MEY 011,150,
81651,CSCI,210,0,B,Computer Programming Principle,2,2:15 PM - 3:25 PM,M W F,"Pohly, Devin J.",MEY 143,,
81652,CSCI,200,0,,Programming for Business,4,2:15 PM - 3:25 PM,M W F,"Kim, Hyunju",MEY 129,,
81653,CSCI,371,0,,Database System,4,9:20 AM - 10:30 AM,M W F,"Kim, Hyunju",MEY 143,,
81654,CSCI,445,0,,Analysis/Algorithms,4,12:55 PM - 2:05 PM,M W F,"VanDrunen, Thomas J.",MEY 131,,
81655,MATH,441,0,,Algebra II,4,8:00 AM - 9:10 AM,M W F,"Lovett, Stephen T.",MEY 184,,
81656,MATH,485,0,,Number Theory,4,11:35 AM - 12:45 PM,M W F,"Lovett, Stephen T.",MEY 181,,
81657,BIOL,344,0,,Economic Botany,4,1:15 PM - 4:05 PM,T,STAFF,MEY 255,,
81658,BIOL,344L,0,,Econ Botany Lab,0,6:30 PM - 9:20 PM,T,STAFF,MEY 267,85,
81659,BIOL,352,0,A,Parasitology,2,12:55 PM - 2:05 PM,M W F,"Page, L. Kristen",MEY 217,,
81660,BIOL,375,0,B,Intro to Bioinformatics,2,12:55 PM - 2:05 PM,M W F,"Koo, Jovanka T.",MEY 255,,
81661,ART,323,0,,Figure Drawing,3,1:15 PM - 4:15 PM,T R,"Lundin, Cherith",ADAMS 309,,
81662,ART,221,0,,Taking Pictures,3,9:00 AM - 12:00 PM,T R,"Schreck, Gregory H.",ADAMS 213,,VPAV
81663,ART,340,0,,Ceramic Sculpture,3,12:55 PM - 3:55 PM,M W,"Hooker, David J.",ADAMS 006,,
81664,ANTH,282,0,A,"Culture, Travel and Tourism",2,12:55 PM - 2:05 PM,M W F,"Howell, Brian M.",BLANCH 273,,
81665,ANTH,324,0,B,Anth of Global Christianity,2,12:55 PM - 2:05 PM,M W F,"Howell, Brian M.",BLANCH 273,,
81666,ANTH,400,0,,Urban Europe,4,2:15 PM - 3:25 PM,M W F,"Tooley, Christa B.",BLANCH 273,,
81667,SOC,367,0,,Crime & Delinquency,4,2:15 PM - 3:25 PM,M W F,"Allen, Henry L.",BLANCH 272,,
81669,SOC,460,0,B,Violence-Minority Communities,2,11:15 AM - 1:05 PM,T R,"Allen, Henry L.",BLANCH 273,,
81670,CORE,322,0,,AIS: What Is Money Good For?,4,6:00 PM - 9:30 PM,T,"Jeske, Christine R.",BLANCH 273,,"DUS, GP"
81671,GEOL,344,0,,Gen Petrology & Petrography,4,12:55 PM - 2:05 PM,M W F,Moshier & Maneiro,MEY 045,120,
81672,GEOL,344L,0,,G P & P Lab,0,8:30 AM - 10:20 AM,T,"Moshier, Stephen O.",MEY 045,25,
81673,PHIL,103,0,,Philosophy & the Sciences,4,11:35 AM - 12:45 PM,M W F,"O'Connor, Robert C.",BLANCH 472,,"PI, SIP"
81674,PHIL,227,0,,Asian Philosophy,4,1:15 PM - 3:05 PM,T R,"Fletcher, David B.",BLANCH 139,,"GP, PI"
81675,PHIL,255,2,,Existentialism,4,11:15 AM - 1:05 PM,T R,"Kemp, Ryan S.",BLANCH 124,,"LE, PI"
81676,PHIL,206,0,,Philosophy & Spiritual Form,4,2:15 PM - 3:25 PM,M W F,"Gordon, James R.",BLANCH 125,,"PI, SI"
81677,PHIL,448,0,,Epistemology,4,1:15 PM - 3:05 PM,T R,"Wood, W. Jay",BLANCH 124,,
81678,PHIL,455,0,,Aquinas,4,12:55 PM - 2:05 PM,M W F,"Wood, Adam N.",BLANCH 124,,
81681,COMM,101,6,B,Public Speaking,2,12:55 PM - 2:05 PM,M W F,"Mangin, Katy A.",BGC 011,,COMP
81682,COMM,101,13,B,Public Speaking,2,6:30 PM - 10:00 PM,R,"Rorvik, John G.",BGC 011,,COMP
81683,COMM,250,0,A,Fake News & Public Rhetoric,2,2:15 PM - 3:25 PM,M W F,"Chase, Kenneth R.",BGC 263,,
81684,COMM,353,0,,Adv Persuasive Speaking,4,12:55 PM - 2:05 PM,M W F,"Hill, Theon E.",BGC 010,,
81685,COMM,340,0,,Crisis & Reputation Management,4,6:30 PM - 10:00 PM,T,"Taylor, LaTonya J.",BGC 263,,
81686,COMM,424,2,,Non-Verbal Communication,4,9:20 AM - 10:30 AM,M W F,"Langan, Emily J.",BGC 253,,
81687,COMM,474,0,,January Project,4,6:30 PM - 10:00 PM,W,"Lewis, Mark N.",JENKS STZN,,
81688,CORE,313,0,,AIS: Sport & Social Change,4,12:55 PM - 2:05 PM,M W F,"Langan, Emily J.",BGC 130,,SI
81689,PSYC,716,0,,Basic Clin Interview Skills,3,6:30 PM - 9:20 PM,T,"Roth, Alana M.",BGC 254,,
81690,PSYC,733,0,,Spirituality III,1,8:20 AM - 9:10 AM,W,"McRay, Barrett W.",BGC 254,,
81691,PSYC,738,0,,Family Theory and Therapy,3,8:20 AM - 11:10 AM,T,"Rueger, Sandra Y.",BGC 250,,
81692,PSYC,739,0,,Community/Preventive Psyc,3,12:55 PM - 3:45 PM,W,"Canning, Sally S.",BGC M229,,
81693,PSYC,747,0,,Research/Stats II,3,12:30 PM - 3:20 PM,M,"Rueger, Sandra Y.",BGC M229,,
81694,PSYC,761,5,,Research Lab I-Psyc & Spirit,1,3:15 PM - 4:45 PM,T,"Davis, Edward B.",BGC 132,,
81695,PSYC,761,7,,Research Lab I-Youth Risk/Resi,1,3:15 PM - 4:45 PM,T,"Rueger, Sandra Y.",BGC 136,,
81697,IR,315,0,,Politics of Global Development,4,8:30 AM - 10:20 AM,T R,"Alexander, Kathryn J.",MSC 204,,
81698,IR,301,0,B,What If's,2,2:15 PM - 3:25 PM,M W F,"McKoy, Michael K.",MSC 204,,
81699,IR,348,0,,Middle East Politics,4,12:55 PM - 2:05 PM,M W F,"McKoy, Michael K.",MSC 304,,"GP, HP"
81700,PSCI,383,0,,Religion & American Politics,4,11:15 AM - 1:05 PM,T R,"Garrett, Kristin N.",MSC 202,,
81702,PSCI,389,0,,Campaigns and Elections,4,9:20 AM - 10:30 AM,M W F,"Black, Amy E.",MSC 122,,
81703,CHIN,301,0,A,Chinese Character Acquisition,2,11:15 AM - 1:05 PM,T R,"Wang, Rose",MEY 133,,
81704,CHIN,335,0,B,Business Chinese,2,11:15 AM - 1:05 PM,T R,"Wang, Rose",SCHELL 201,,
81705,CHIN,336,0,,Chinese Cinema,4,11:15 AM - 1:05 PM,T R,"Zhai, Wenyang",MEY 143,,
81706,CHIN,346,0,,Modern Chinese Literature,4,8:30 AM - 10:20 AM,T R,"Zhai, Wenyang",WYN 302,,
81707,FREN,333,0,,Intro to Francophone World,4,9:20 AM - 10:30 AM,M W F,"Savage, Alan D.",SCHELL 202,,
81708,FREN,348,0,,Adolescence/Adulthood in Lit,4,2:15 PM - 3:25 PM,M W F,"Savage, Alan D.",SCHELL 202,,LE
81709,GERM,103,0,,Accel Elem German,4,8:00 AM - 9:10 AM,M W F,"Gascho, Bethel L.",BLANCH 139,,
81710,GREK,331,0,,Athenian Tragedy,4,6:30 PM - 10:00 PM,T,"Loney, Alexander C.",MSC 304,,
81711,SPAN,103,5,,Accel Elem Spanish,4,2:15 PM - 3:25 PM,M W F,"Townsend, Tamara L.",ARM 246,,
81712,SPAN,341,0,,Empire: Span Lit before 1800,4,11:35 AM - 12:45 PM,M W F,"Townsend, Tamara L.",ARM 266,,"GP, LE"
81713,C E,232,0,,Spiritual Guide & Discern,2,1:15 PM - 3:05 PM,R,"Haase, Daniel T.",BGC 252,,
81714,C E,216,0,,Discipleship Practicum,1,TBA,,"Haase, Daniel T.",,,
81715,C E,346,0,,Discipleship,4,6:30 PM - 10:00 PM,T,"Schwanda, Tom",BGC 253,,
81716,INTR,531,0,,Theological Foundations,2,8:30 AM - 5:30 PM,F,"Gallagher, Robert L.",,,
81717,INTR,532,0,,Contextualization,4,8:30 AM - 5:30 PM,FS,"Moreau, A. Scott",,,
81718,INTR,532,0,,Contextualization,4,8:30 AM - 5:30 PM,FS,"Moreau, A. Scott",BGC 309,,
81719,INTR,561,2,,Intercultural Communication,4,8:30 AM - 5:30 PM,MT,"Barger, R. Pam",BGC 309,,
81720,CORE,338,0,,AIS: Physics of Sound,4,2:15 PM - 3:25 PM,M W F,"Whitney, Heather M.",MEY 335,,SP
81721,PHYS,311,0,B,Intro to Medical Physics,2,6:30 PM - 10:00 PM,W,"Whitney, Heather M.",MEY 371,,
81722,PHYS,370,0,B,Computational Methods-Python,2,11:35 AM - 12:45 PM,M W F,"Blaauw, Rhiannon C.",MEY 371,,
81723,PHYS,342,0,,Electromagnetic Theory,4,12:55 PM - 2:05 PM,M W F,"Schroeder, James W.",MEY 357,,
81724,SCI,302,0,,Origins of Scientific Thought,4,11:15 AM - 1:05 PM,T R,"Nelson, Gary B.",MEY 021,,"HP, SIP"
81725,ENGR,125,0,,Introduction to AutoCAD,2,6:45 PM - 9:35 PM,T,STAFF,MEY 371,65,
81726,EVAN,526,0,,Gospel: Evangelism & Renewal,4,8:30 AM - 5:30 PM,MTWRFS,STAFF,BGC WILSON S,,
81730,CORE,316,0,,AIS: Sport Psychology,4,11:35 AM - 12:45 PM,M W F,"Phinney, Raymond",BGC 012,,SI
81731,PSYC,348,3,,Abnormal Psychology,4,11:35 AM - 12:45 PM,M W F,"Fort, Christin J.",ADAMS 301,,
81732,PSYC,371,0,A,Intro to Psychopharmocology,2,6:30 PM - 10:00 PM,M,"Struthers, William M.",BGC M228,,
81733,CORE,339,0,,AIS: Africa's Oral Past,4,9:20 AM - 10:30 AM,M W F,Stringham & Buis,ADAMS 207,,"HP, VPAM"
81734,HIST,201,0,,Why History?,4,6:30 PM - 10:00 PM,W,"Harkrider, Melissa",BLANCH 223,,HP
81735,HIST,232,0,,History in Africa Since 1850,4,2:15 PM - 3:25 PM,M W F,"Stringham, Noel C.",BLANCH 223,,GP
81736,HIST,377,0,,British History to 1688,4,12:55 PM - 2:05 PM,M W F,"Harkrider, Melissa",BLANCH 223,,
81737,HIST,252,0,,American History from 1865,4,8:30 AM - 10:20 AM,T R,"Johnson, Karen J.",BLANCH 324,,
81738,CORE,337,0,,"AIS: Justice, Law and Society",4,6:30 PM - 10:00 PM,M,Miglio & Chapman,BGC 534,,PI
81740,BITH,211,2,,OT Lit & Interpretation,4,9:20 AM - 10:30 AM,M W F,"Abernethy, Andrew T.",BGC 138,,SHAR
81742,ARCH,366L,0,,Arch of Biblical Lands Lab,0,3:30 PM - 5:30 PM,W,"Master, Daniel M.",BGC 536,,
81744,BITH,349,0,A,OT Topics: Daniel,2,8:00 AM - 9:10 AM,M W F,"Walton, John H.",BGC 136,,
81746,BITH,311,0,,Archaeology of Biblical Lands,4,1:15 PM - 3:05 PM,T R,"Master, Daniel M.",BGC 534,,"HP, SI"
81747,BITH,383,0,A,Gender & Theology,2,6:30 PM - 10:00 PM,T,"Jones, Beth F.",BGC 252,,
81748,BITH,431,0,A,OT Criticism,2,6:30 PM - 10:00 PM,W,"Hill, Andrew E.",BGC 532,,
81749,BITH,451,1,A,Greek Exegesis:Matthew,2,2:15 PM - 3:25 PM,M W F,"Capes, David B.",BGC 532,,
81751,BITH,488,0,,Karl Barth,4,9:20 AM - 10:30 AM,M W F,"Johnson, Keith L.",BGC 532,,
81752,BITH,531,0,B,New Testament Hermeneutics,2,11:35 AM - 12:45 PM,M W F,"Ehorn, Seth M.",BGC 532,,
81753,BITH,533,0,,Exploring the Old Testament,4,6:30 PM - 10:00 PM,T,"Hill, Andrew E.",BGC 534,,
81754,BITH,647,0,A,Greek Exegesis: Matthew,2,2:15 PM - 3:25 PM,M W F,"Capes, David B.",BGC 532,,
81755,BITH,679,0,,HT Sem:Theol & Autobiography,4,8:30 AM - 10:20 AM,T R,"Barbeau, Jeffrey W.",BGC 524,,
81756,BITH,883,0,,Doctrine of Creation,4,8:00 AM - 11:30 AM,R,"Cortez, Marc A.",BGC 569,,
81758,ENGL,112,0,,SWL: Comedy & Tragedy,4,8:30 AM - 10:20 AM,T R,"Gibson, Alison R.",BLANCH 222,,"LE, VPAT"
81759,ENGL,285,0,B,Chinese Literature,2,6:30 PM - 10:00 PM,T,"Martindale, H. Wayne",BLANCH 222,,
81760,ENGL,355,0,,Romantic Period,4,12:55 PM - 2:05 PM,M W F,"Colon, Christine A.",BLANCH 322,,
81761,ENGL,383,0,B,Cormac McCarthy,2,11:35 AM - 12:45 PM,M W F,"Bieber Lake, Christina",BLANCH 322,,
81762,ENGL,385,2,B,Donne,2,2:15 PM - 3:25 PM,M W F,"Dunn-Hensley, Susan M.",BLANCH 222,,
81765,ENGW,336,0,,Fiction Writing,4,8:00 AM - 9:10 AM,M W F,"Mazzarella, Nicole",BLANCH 323,,
81766,CORE,101,17,,FYS:Living Well in Community,4,2:15 PM - 3:25 PM,M W F,"Colon, Christine A.",BLANCH 472,,
81767,CORE,101,24,,FYS: Creativity & Good Life,4,8:30 AM - 10:20 AM,T R,"Mazzarella, Nicole",BLANCH 322,,
81768,MUCS,323,0,,Piano Literature,2,11:15 AM - 12:05 PM,T R,"Horn, Daniel P.",ARM 246,245,
81770,MUCS,363,0,A,Intro Music Research,2,8:30 AM - 10:20 AM,T R,"Saylor, L. Jonathan",ARM 124,96,
81772,MUMS,311,0,,Choral Conducting,3,9:20 AM - 10:30 AM,M W F,"Trotter, John W.",ARM 120,144,
81774,MUMS,341,5,,Instrumental Techn-Percussion,2,11:15 AM - 12:05 PM,T R,"Kastner, Kathleen S.",EDMAN 101,96,
81775,MUMS,343,0,,Piano & Vocal Tech for Comp,2,12:55 PM - 2:05 PM,M W,"Hueber, Thomas E.",ARM 266,96,
81776,MUMS,349,0,,Organ Service Playing Tech,3,12:55 PM - 2:05 PM,M W F,"Zimmerman, Edward",EDMAN AUD,144,
81777,MUMS,430,0,,Advanced Topics in Conducting,2,9:30 AM - 10:20 AM,T R,"Trotter, John W.",ARM 046,96,
81779,COMM,341,0,,"Media, Religion and Culture",4,12:55 PM - 2:05 PM,M W F,"Schuchardt, Read M.",BGC 263,,
81782,CORE,101,25,,"FYS: Soul, Mind, or Brain?",4,11:15 AM - 1:05 PM,T R,"Struthers, William M.",BGC 010,,
81783,CORE,341,0,,AIS: Stress and Flourishing,4,11:15 AM - 1:05 PM,T R,"Thom, Nathaniel J.",MEY 217,,SIP
81784,BITH,311L,0,,Arch of Biblical Lands Lab,0,3:30 PM - 5:30 PM,W,"Master, Daniel M.",BGC 536,,
81786,BITH,330,0,,Early Christianity Integration,2,11:15 AM - 1:05 PM,R,"Lee, Gregory W.",BGC 252,,
81787,C E,212,0,,Discipleship & Small Groups,4,7:00 PM - 9:00 PM,T,Haase & Chang,BGC 134,,
81788,CFM,694,0,,Calling & Vocation,2,8:00 AM - 12:00 PM,M,STAFF,,,
81789,IR,347,0,,East Asian Politics,4,11:35 AM - 12:45 PM,M W F,"Taylor, Timothy W.",MSC 304,,HP
81790,PACS,101,0,,Intro to Peace & Conflict,4,11:15 AM - 1:05 PM,T R,"McKoy, Michael K.",MSC 103,,SI
81791,PSCI,371,0,,Public Opinion,4,8:30 AM - 10:20 AM,T R,"Garrett, Kristin N.",MSC 202,,
81792,SOC,494,0,,Senior Capstone,4,1:15 PM - 3:05 PM,T R,"Kim, Henry H.",BLANCH 273,,
81793,MUIP,160,0,,Early Keyboard Lessons,1,TBA,,STAFF,,174,
81794,MUIP,260,0,,Early Keyboard Lessons,2,TBA,,STAFF,,238,
81795,B EC,331,0,,International Business,4,2:15 PM - 3:25 PM,M W F,"Lee, Min-Dong Paul",MSC 302,,
81796,B EC,352,0,B,Business Law,2,12:55 PM - 2:05 PM,M W F,"Bretsen, Stephen N.",MSC 302,,
81797,B EC,433,0,A,New Venture Strategy,2,1:15 PM - 3:05 PM,T R,"Sveen, David E.",MSC 122,,
81799,ECON,325,2,,Intermediate Macroeconomics,4,11:35 AM - 12:45 PM,M W F,"Hill, Enoch S.",MSC 124,,
81800,ECON,362,0,,Wealth & Poverty of Nations,4,11:15 AM - 1:05 PM,T R,"Long, Jason M.",MSC 122,,
81801,ECON,345,0,,Money & Banking,4,11:15 AM - 1:05 PM,T R,"Finley, John G.",MSC 105,,
81802,ECON,378,0,,Economics of Labor & Poverty,4,9:20 AM - 10:30 AM,M W F,"Cook, Jeremy A.",MSC 304,,DUS
81803,PSCI,301,0,A,Civil Rights & Police Action,2,2:15 PM - 3:25 PM,M W F,"Iglesias, David C.",MSC 304,,
81804,PSYC,881,0,,Advanced Practicum I,2,TBA,,"Voytenko, Vitaliy L.",,,
81805,PSYC,882,1,,Advanced Pract I Seminar,1,8:30 AM - 10:00 AM,M,"Voytenko, Vitaliy L.",BGC M209,,
81806,PSYC,882,2,,Advanced Pract I Seminar,1,8:30 AM - 10:00 AM,M,"Roth, Alana M.",BGC 002,,
81807,AHS,134,0,,Equestrian Skills,1,TBA,MTW  S,STAFF,,95,
81808,AHS,136,0,,Mountain Biking,1,TBA,MTW  S,STAFF,,95,
81809,CFM,547,0,,Philosophy of Ministry,2,1:00 PM - 5:00 PM,W,"Setran, David P.",,,
81811,HIST,391,2,A,Becoming Americans,2,8:30 AM - 10:20 AM,T R,"Blumhofer, Edith L.",BLANCH 223,,
81813,PSYC,431,0,,Psychology of Human Sexuality,4,11:15 AM - 1:05 PM,T R,"Sandlund, Lisa M.",BGC M229,,
81814,BITH,555,2,,Exploring the New Testament,4,TBA,,"Sosa Siliezar, Carlos R.",,,
81815,BITH,365,0,B,Prison Epistles,2,11:35 AM - 12:45 PM,M W F,"Vlachos, Chris A.",BGC 534,,
81816,BITH,368,0,A,Revelation,2,11:35 AM - 12:45 PM,M W F,"Vlachos, Chris A.",BGC 534,,
81817,BITH,396,0,,Roman Catholic Theology,4,1:15 PM - 3:05 PM,T R,"McGowin, Emily H.",BGC 255,,
81818,BITH,371,0,,Early Christianity,4,8:30 AM - 10:20 AM,T R,"Bruce, Matthew J.",BGC 534,,
81819,BITH,364,0,B,Peter And Jude,2,8:30 AM - 10:20 AM,T R,"Green, Gene L.",BGC 140,,
81834,URBN,399,0,,Pre-field Preparation,0,TBA,,"Anderson, Jordan",,,
81839,BITH,565,3,,Christian Theology,4,6:30 PM - 10:00 PM,W,STAFF,BGC 250,,
81848,CHEM,341L,5,,Organic Chemistry I Lab,0,6:45 PM - 9:35 PM,W,"Dick, Allison R.",MEY 305,,
81855,ART,423,0,,Advanced Drawing,3,1:15 PM - 4:15 PM,T R,"Lundin, Cherith",ADAMS 309,,
81856,HDI,524,0,,"Planning, Mitigation, Mgt",4,9:10 AM - 11:00 AM,T R,"Aten, Jamie D.",MSC 122,,
81857,HDI,534,0,,NGO Leadership,2,1:00 PM - 2:50 PM,W,"Annan, Kent J.",BLANCH 440,,
81858,HDI,644,0,,Global Public Health,2,5:00 PM - 6:50 PM,T,STAFF,MEY 129,,
81859,HDI,644,OL,,Global Public Health,2,TBA,,STAFF,,,
81860,PSYC,763,5,,Research Lb III-Psyc & Spirit,1,3:15 PM - 4:45 PM,T,"Davis, Edward B.",BGC 132,,
81861,PSYC,763,7,,Research Lb III-Yth Risk/Resil,1,3:15 PM - 4:45 PM,T,"Rueger, Sandra Y.",BGC 136,,
81862,BITH,565,4OL,,Christian Theology,4,TBA,,"Johnson, Keith L.",,,
81863,ECON,394,0,,Financial Economics,4,11:35 AM - 12:45 PM,M W F,"Guo, Nick L.",MEY 357,,
81864,ECON,212,3,A,Principles of Macroeconomics,2,2:15 PM - 3:25 PM,M W F,"Guo, Nick L.",MSC 105,,
81873,BITH,565,4HY,,Christian Theology,4,8:00 AM - 5:00 PM,MT,"Johnson, Keith L.",,,
81877,AHS,101,11,B,Wellness,2,1:15 PM - 3:05 PM,T R,"Penfound, Jean E.",CHR 223,,
81882,ECON,375,0,,Econometrics,4,12:55 PM - 2:05 PM,M W F,"Makaudze, Ephias M.",MSC 202,,